EUR/USD,20090601 00:00:00.991,1.4105,1.4107
EUR/USD,20090601 00:00:01.026,1.41052,1.4107
EUR/USD,20090601 00:00:01.031,1.41057,1.4107
EUR/USD,20090601 00:00:01.507,1.41057,1.41067
EUR/USD,20090601 00:00:02.507,1.41057,1.41068
EUR/USD,20090601 00:00:02.550,1.41052,1.41068
EUR/USD,20090601 00:00:02.652,1.41052,1.41068
EUR/USD,20090601 00:00:02.756,1.41052,1.41066
EUR/USD,20090601 00:00:02.762,1.41059,1.41064
EUR/USD,20090601 00:00:02.763,1.41052,1.41066
EUR/USD,20090601 00:00:02.783,1.41062,1.41066
EUR/USD,20090601 00:00:02.982,1.41062,1.4107
EUR/USD,20090601 00:00:03.103,1.41062,1.41067
EUR/USD,20090601 00:00:03.209,1.41062,1.4107
EUR/USD,20090601 00:00:03.265,1.41062,1.41069
EUR/USD,20090601 00:00:04.761,1.41062,1.4107
EUR/USD,20090601 00:00:04.769,1.41062,1.41071
EUR/USD,20090601 00:00:04.969,1.41062,1.41069
EUR/USD,20090601 00:00:05.262,1.41065,1.41068
EUR/USD,20090601 00:00:05.283,1.41067,1.41068
EUR/USD,20090601 00:00:05.984,1.41067,1.41079
EUR/USD,20090601 00:00:06.014,1.41067,1.41076
EUR/USD,20090601 00:00:06.015,1.41067,1.41081
EUR/USD,20090601 00:00:06.037,1.4106,1.41081
EUR/USD,20090601 00:00:06.038,1.4106,1.41061
EUR/USD,20090601 00:00:06.068,1.41052,1.41061
EUR/USD,20090601 00:00:06.270,1.41051,1.41064
EUR/USD,20090601 00:00:06.304,1.41047,1.41064
EUR/USD,20090601 00:00:06.515,1.41053,1.41059
EUR/USD,20090601 00:00:09.261,1.41052,1.41061
EUR/USD,20090601 00:00:09.286,1.41052,1.41064
EUR/USD,20090601 00:00:09.335,1.41052,1.41073
EUR/USD,20090601 00:00:09.950,1.41053,1.41073
EUR/USD,20090601 00:00:10.198,1.41055,1.41078
EUR/USD,20090601 00:00:10.295,1.41055,1.41076
EUR/USD,20090601 00:00:10.467,1.41057,1.41076
EUR/USD,20090601 00:00:10.510,1.41065,1.41074
EUR/USD,20090601 00:00:10.512,1.4106,1.41076
EUR/USD,20090601 00:00:10.524,1.41067,1.41076
EUR/USD,20090601 00:00:12.958,1.41067,1.41077
EUR/USD,20090601 00:00:12.959,1.41067,1.41079
EUR/USD,20090601 00:00:13.036,1.41067,1.41078
EUR/USD,20090601 00:00:14.480,1.41067,1.41077
EUR/USD,20090601 00:00:19.259,1.41067,1.41074
EUR/USD,20090601 00:00:19.260,1.41067,1.41077
EUR/USD,20090601 00:00:19.273,1.41062,1.41071
EUR/USD,20090601 00:00:19.457,1.41062,1.4107
EUR/USD,20090601 00:00:19.809,1.41062,1.41071
EUR/USD,20090601 00:00:19.950,1.41062,1.41071
EUR/USD,20090601 00:00:20.005,1.41062,1.41068
EUR/USD,20090601 00:00:26.563,1.41064,1.41068
EUR/USD,20090601 00:00:26.816,1.41062,1.41068
EUR/USD,20090601 00:00:27.015,1.41062,1.4107
EUR/USD,20090601 00:00:27.016,1.41062,1.41071
EUR/USD,20090601 00:00:28.513,1.41062,1.41068
EUR/USD,20090601 00:00:28.514,1.41062,1.41071
EUR/USD,20090601 00:00:29.297,1.41063,1.41071
EUR/USD,20090601 00:00:30.169,1.41063,1.41074
EUR/USD,20090601 00:00:30.171,1.41064,1.41074
EUR/USD,20090601 00:00:30.767,1.41064,1.41076
EUR/USD,20090601 00:00:30.768,1.41065,1.41072
EUR/USD,20090601 00:00:30.775,1.41069,1.41072
EUR/USD,20090601 00:00:31.387,1.41068,1.41072
EUR/USD,20090601 00:00:31.632,1.41067,1.41072
EUR/USD,20090601 00:00:31.759,1.41067,1.41082
EUR/USD,20090601 00:00:31.760,1.41072,1.41079
EUR/USD,20090601 00:00:33.262,1.41072,1.41081
EUR/USD,20090601 00:00:33.279,1.41072,1.41082
EUR/USD,20090601 00:00:33.280,1.41072,1.41082
EUR/USD,20090601 00:00:33.307,1.41067,1.41082
EUR/USD,20090601 00:00:35.801,1.41068,1.41082
EUR/USD,20090601 00:00:42.012,1.41072,1.41079
EUR/USD,20090601 00:00:42.021,1.41073,1.41079
EUR/USD,20090601 00:00:44.263,1.41073,1.4108
EUR/USD,20090601 00:00:47.813,1.41073,1.41082
EUR/USD,20090601 00:00:48.261,1.41073,1.41078
EUR/USD,20090601 00:00:48.276,1.41069,1.41078
EUR/USD,20090601 00:00:48.335,1.41068,1.41078
EUR/USD,20090601 00:00:55.995,1.41068,1.4108
EUR/USD,20090601 00:00:57.762,1.41068,1.41082
EUR/USD,20090601 00:00:57.767,1.41068,1.4108
EUR/USD,20090601 00:00:57.772,1.41063,1.41072
EUR/USD,20090601 00:00:58.456,1.41063,1.41071
EUR/USD,20090601 00:00:59.014,1.41063,1.41067
EUR/USD,20090601 00:00:59.759,1.41063,1.41072
EUR/USD,20090601 00:00:59.760,1.41064,1.41072
EUR/USD,20090601 00:00:59.796,1.41068,1.41072
EUR/USD,20090601 00:01:01.257,1.41068,1.4108
EUR/USD,20090601 00:01:01.270,1.41063,1.41072
EUR/USD,20090601 00:01:02.014,1.41063,1.41071
EUR/USD,20090601 00:01:05.760,1.41063,1.41072
EUR/USD,20090601 00:01:05.782,1.41059,1.41072
EUR/USD,20090601 00:01:05.825,1.41058,1.41071
EUR/USD,20090601 00:01:05.970,1.41058,1.41074
EUR/USD,20090601 00:01:09.513,1.41058,1.41073
EUR/USD,20090601 00:01:09.761,1.41058,1.4107
EUR/USD,20090601 00:01:10.511,1.41058,1.41067
EUR/USD,20090601 00:01:10.761,1.41058,1.41071
EUR/USD,20090601 00:01:10.762,1.41058,1.41069
EUR/USD,20090601 00:01:10.771,1.41053,1.41062
EUR/USD,20090601 00:01:10.775,1.41054,1.41062
EUR/USD,20090601 00:01:10.839,1.41053,1.41062
EUR/USD,20090601 00:01:15.516,1.41055,1.41062
EUR/USD,20090601 00:01:15.518,1.41053,1.41062
EUR/USD,20090601 00:01:15.538,1.41058,1.41063
EUR/USD,20090601 00:01:15.571,1.41058,1.41069
EUR/USD,20090601 00:01:18.033,1.41053,1.41069
EUR/USD,20090601 00:01:18.072,1.41053,1.41064
EUR/USD,20090601 00:01:18.343,1.41053,1.41062
EUR/USD,20090601 00:01:18.658,1.41053,1.41061
EUR/USD,20090601 00:01:18.689,1.41053,1.4106
EUR/USD,20090601 00:01:18.767,1.4105,1.4106
EUR/USD,20090601 00:01:18.794,1.4105,1.41058
EUR/USD,20090601 00:01:18.795,1.41039,1.41048
EUR/USD,20090601 00:01:18.814,1.41043,1.41048
EUR/USD,20090601 00:01:20.012,1.41039,1.41048
EUR/USD,20090601 00:01:20.013,1.41041,1.41048
EUR/USD,20090601 00:01:21.263,1.41039,1.41048
EUR/USD,20090601 00:01:23.574,1.41039,1.4105
EUR/USD,20090601 00:01:26.303,1.4104,1.4105
EUR/USD,20090601 00:01:28.291,1.4104,1.4105
EUR/USD,20090601 00:01:31.011,1.41039,1.4105
EUR/USD,20090601 00:01:33.608,1.41041,1.41051
EUR/USD,20090601 00:01:37.401,1.41042,1.41051
EUR/USD,20090601 00:01:37.516,1.41042,1.41047
EUR/USD,20090601 00:01:37.567,1.41037,1.41047
EUR/USD,20090601 00:01:38.025,1.41037,1.41052
EUR/USD,20090601 00:01:38.026,1.41037,1.41049
EUR/USD,20090601 00:01:38.043,1.41033,1.41041
EUR/USD,20090601 00:01:40.265,1.41033,1.41041
EUR/USD,20090601 00:01:40.309,1.41032,1.41041
EUR/USD,20090601 00:01:40.452,1.41032,1.41041
EUR/USD,20090601 00:01:42.017,1.41032,1.4104
EUR/USD,20090601 00:01:46.510,1.41032,1.41038
EUR/USD,20090601 00:01:47.510,1.41033,1.4104
EUR/USD,20090601 00:01:49.263,1.41032,1.41041
EUR/USD,20090601 00:01:58.274,1.41029,1.41041
EUR/USD,20090601 00:01:58.310,1.41023,1.41036
EUR/USD,20090601 00:01:58.452,1.41024,1.41037
EUR/USD,20090601 00:02:00.259,1.41026,1.41033
EUR/USD,20090601 00:02:00.274,1.41027,1.41033
EUR/USD,20090601 00:02:02.014,1.4103,1.4104
EUR/USD,20090601 00:02:02.015,1.41027,1.41041
EUR/USD,20090601 00:02:02.026,1.41032,1.41041
EUR/USD,20090601 00:02:02.069,1.41032,1.41041
EUR/USD,20090601 00:02:12.510,1.41033,1.4104
EUR/USD,20090601 00:02:12.512,1.41032,1.41041
EUR/USD,20090601 00:02:18.260,1.41035,1.41041
EUR/USD,20090601 00:02:18.261,1.41032,1.41041
EUR/USD,20090601 00:02:18.279,1.41037,1.41042
EUR/USD,20090601 00:02:18.335,1.41037,1.41049
EUR/USD,20090601 00:02:18.460,1.41037,1.41047
EUR/USD,20090601 00:02:24.297,1.41037,1.41048
EUR/USD,20090601 00:02:28.453,1.41037,1.41047
EUR/USD,20090601 00:02:34.445,1.41037,1.41048
EUR/USD,20090601 00:02:37.472,1.41037,1.41049
EUR/USD,20090601 00:03:00.957,1.41037,1.41041
EUR/USD,20090601 00:03:01.038,1.41033,1.41041
EUR/USD,20090601 00:03:10.344,1.41033,1.41041
EUR/USD,20090601 00:03:11.263,1.41032,1.41041
EUR/USD,20090601 00:03:11.279,1.41029,1.41042
EUR/USD,20090601 00:03:11.332,1.41027,1.41042
EUR/USD,20090601 00:03:13.258,1.41032,1.41039
EUR/USD,20090601 00:03:13.259,1.4103,1.41041
EUR/USD,20090601 00:03:13.276,1.41032,1.41041
EUR/USD,20090601 00:03:13.297,1.41032,1.4104
EUR/USD,20090601 00:03:27.545,1.41032,1.41041
EUR/USD,20090601 00:03:28.761,1.41032,1.41044
EUR/USD,20090601 00:03:28.762,1.41032,1.41039
EUR/USD,20090601 00:03:28.763,1.41032,1.41046
EUR/USD,20090601 00:03:28.768,1.41027,1.41046
EUR/USD,20090601 00:03:28.792,1.41027,1.4104
EUR/USD,20090601 00:03:28.950,1.41027,1.41042
EUR/USD,20090601 00:03:29.457,1.41027,1.41041
EUR/USD,20090601 00:03:32.940,1.41027,1.4104
EUR/USD,20090601 00:03:43.495,1.41027,1.41045
EUR/USD,20090601 00:03:43.506,1.41027,1.41041
EUR/USD,20090601 00:03:43.509,1.41032,1.41039
EUR/USD,20090601 00:03:43.510,1.41032,1.41041
EUR/USD,20090601 00:03:43.759,1.41037,1.41041
EUR/USD,20090601 00:03:43.807,1.41037,1.4104
EUR/USD,20090601 00:03:43.990,1.41037,1.41044
EUR/USD,20090601 00:03:48.511,1.41037,1.41046
EUR/USD,20090601 00:03:48.528,1.41032,1.41046
EUR/USD,20090601 00:03:48.529,1.41032,1.41041
EUR/USD,20090601 00:03:49.939,1.41032,1.4104
EUR/USD,20090601 00:03:52.940,1.41032,1.41041
EUR/USD,20090601 00:03:56.311,1.41033,1.41041
EUR/USD,20090601 00:03:56.553,1.41032,1.41041
EUR/USD,20090601 00:03:57.264,1.41033,1.41041
EUR/USD,20090601 00:03:57.265,1.4104,1.41041
EUR/USD,20090601 00:03:57.285,1.4104,1.41044
EUR/USD,20090601 00:03:57.286,1.41042,1.41044
EUR/USD,20090601 00:03:57.334,1.41042,1.4105
EUR/USD,20090601 00:03:57.462,1.41042,1.41048
EUR/USD,20090601 00:03:57.791,1.41037,1.41048
EUR/USD,20090601 00:03:57.822,1.41037,1.41049
EUR/USD,20090601 00:03:57.951,1.41037,1.41049
EUR/USD,20090601 00:03:59.444,1.41037,1.41048
EUR/USD,20090601 00:04:06.270,1.41033,1.41048
EUR/USD,20090601 00:04:06.274,1.41033,1.41041
EUR/USD,20090601 00:04:06.801,1.41033,1.4104
EUR/USD,20090601 00:04:07.013,1.41032,1.4104
EUR/USD,20090601 00:04:10.039,1.41027,1.4104
EUR/USD,20090601 00:04:10.047,1.41027,1.41041
EUR/USD,20090601 00:04:10.291,1.41027,1.4104
EUR/USD,20090601 00:04:12.885,1.41027,1.4104
EUR/USD,20090601 00:04:18.012,1.41028,1.41039
EUR/USD,20090601 00:04:18.017,1.41031,1.41039
EUR/USD,20090601 00:04:18.258,1.41031,1.4104
EUR/USD,20090601 00:04:18.451,1.41031,1.41039
EUR/USD,20090601 00:04:19.586,1.41031,1.4104
EUR/USD,20090601 00:04:20.799,1.41031,1.41039
EUR/USD,20090601 00:04:27.308,1.41031,1.4104
EUR/USD,20090601 00:04:46.516,1.41033,1.41038
EUR/USD,20090601 00:05:09.511,1.41031,1.4104
EUR/USD,20090601 00:05:09.523,1.41025,1.4104
EUR/USD,20090601 00:05:10.072,1.41025,1.4104
EUR/USD,20090601 00:05:14.334,1.41026,1.4104
EUR/USD,20090601 00:05:15.469,1.41029,1.4104
EUR/USD,20090601 00:05:15.509,1.41033,1.41039
EUR/USD,20090601 00:05:15.510,1.4103,1.4104
EUR/USD,20090601 00:05:21.763,1.41027,1.4104
EUR/USD,20090601 00:05:21.808,1.41025,1.4104
EUR/USD,20090601 00:05:26.233,1.41025,1.41043
EUR/USD,20090601 00:05:29.268,1.41025,1.41041
EUR/USD,20090601 00:05:29.374,1.41025,1.41042
EUR/USD,20090601 00:05:32.512,1.41025,1.4104
EUR/USD,20090601 00:05:34.955,1.41025,1.41039
EUR/USD,20090601 00:05:36.485,1.41025,1.41038
EUR/USD,20090601 00:05:40.598,1.41025,1.41037
EUR/USD,20090601 00:05:40.820,1.41025,1.41038
EUR/USD,20090601 00:05:40.960,1.41025,1.41037
EUR/USD,20090601 00:05:41.015,1.41025,1.41036
EUR/USD,20090601 00:05:41.263,1.41028,1.41036
EUR/USD,20090601 00:05:41.274,1.41032,1.41036
EUR/USD,20090601 00:05:41.349,1.41032,1.41038
EUR/USD,20090601 00:05:41.455,1.41032,1.41036
EUR/USD,20090601 00:05:41.799,1.41027,1.41036
EUR/USD,20090601 00:05:41.859,1.41027,1.41037
EUR/USD,20090601 00:05:42.900,1.41027,1.41036
EUR/USD,20090601 00:05:43.302,1.41027,1.41037
EUR/USD,20090601 00:05:43.341,1.41027,1.41036
EUR/USD,20090601 00:05:44.447,1.41027,1.41037
EUR/USD,20090601 00:05:44.945,1.41027,1.41036
EUR/USD,20090601 00:05:45.038,1.41022,1.41036
EUR/USD,20090601 00:05:45.086,1.41022,1.41036
EUR/USD,20090601 00:05:45.306,1.41022,1.41034
EUR/USD,20090601 00:05:45.557,1.41022,1.41035
EUR/USD,20090601 00:05:46.764,1.41022,1.41031
EUR/USD,20090601 00:05:46.777,1.41017,1.41031
EUR/USD,20090601 00:05:46.819,1.41017,1.41028
EUR/USD,20090601 00:05:46.956,1.41017,1.4103
EUR/USD,20090601 00:05:48.445,1.41017,1.41029
EUR/USD,20090601 00:05:50.027,1.41015,1.41029
EUR/USD,20090601 00:05:50.946,1.41015,1.41027
EUR/USD,20090601 00:05:51.296,1.41015,1.41028
EUR/USD,20090601 00:05:53.017,1.41013,1.41028
EUR/USD,20090601 00:05:53.018,1.4101,1.41028
EUR/USD,20090601 00:05:53.030,1.4101,1.41019
EUR/USD,20090601 00:05:53.951,1.4101,1.41018
EUR/USD,20090601 00:05:54.320,1.4101,1.41019
EUR/USD,20090601 00:05:54.487,1.4101,1.41019
EUR/USD,20090601 00:05:55.049,1.4101,1.41018
EUR/USD,20090601 00:05:55.126,1.4101,1.41019
EUR/USD,20090601 00:05:55.265,1.4101,1.41019
EUR/USD,20090601 00:05:55.296,1.41005,1.41009
EUR/USD,20090601 00:05:55.399,1.41,1.41009
EUR/USD,20090601 00:06:00.526,1.41001,1.41009
EUR/USD,20090601 00:06:01.072,1.41,1.41009
EUR/USD,20090601 00:06:02.515,1.41005,1.41009
EUR/USD,20090601 00:06:02.516,1.41007,1.41009
EUR/USD,20090601 00:06:02.536,1.41007,1.41013
EUR/USD,20090601 00:06:02.627,1.41007,1.41017
EUR/USD,20090601 00:06:02.988,1.41007,1.41019
EUR/USD,20090601 00:06:03.087,1.41007,1.41018
EUR/USD,20090601 00:06:03.321,1.41007,1.41017
EUR/USD,20090601 00:06:03.571,1.41007,1.41018
EUR/USD,20090601 00:06:04.807,1.41007,1.41019
EUR/USD,20090601 00:06:05.514,1.4101,1.41019
EUR/USD,20090601 00:06:05.567,1.4101,1.41019
EUR/USD,20090601 00:06:06.018,1.41017,1.41019
EUR/USD,20090601 00:06:06.039,1.41017,1.41023
EUR/USD,20090601 00:06:06.518,1.41012,1.41027
EUR/USD,20090601 00:06:06.519,1.4101,1.41027
EUR/USD,20090601 00:06:06.520,1.4101,1.41026
EUR/USD,20090601 00:06:06.549,1.4101,1.41019
EUR/USD,20090601 00:06:06.765,1.41013,1.41019
EUR/USD,20090601 00:06:09.021,1.41015,1.41019
EUR/USD,20090601 00:06:09.045,1.41015,1.41026
EUR/USD,20090601 00:06:10.961,1.41015,1.4102
EUR/USD,20090601 00:06:11.013,1.41015,1.41019
EUR/USD,20090601 00:06:11.024,1.41013,1.41019
EUR/USD,20090601 00:06:11.025,1.4101,1.41019
EUR/USD,20090601 00:06:11.090,1.4101,1.41019
EUR/USD,20090601 00:06:17.515,1.41015,1.41019
EUR/USD,20090601 00:06:17.524,1.41015,1.41022
EUR/USD,20090601 00:06:17.609,1.41015,1.41026
EUR/USD,20090601 00:06:18.017,1.4101,1.41029
EUR/USD,20090601 00:06:18.029,1.41008,1.41029
EUR/USD,20090601 00:06:18.091,1.41003,1.41014
EUR/USD,20090601 00:06:18.324,1.41003,1.4102
EUR/USD,20090601 00:06:18.678,1.41017,1.4102
EUR/USD,20090601 00:06:21.260,1.41012,1.4102
EUR/USD,20090601 00:06:21.262,1.4101,1.4102
EUR/USD,20090601 00:06:21.264,1.4101,1.41019
EUR/USD,20090601 00:06:21.274,1.4101,1.4102
EUR/USD,20090601 00:06:27.014,1.41017,1.4102
EUR/USD,20090601 00:06:27.032,1.41017,1.41024
EUR/USD,20090601 00:06:27.764,1.41027,1.41029
EUR/USD,20090601 00:06:27.766,1.41025,1.41029
EUR/USD,20090601 00:06:27.778,1.41025,1.41029
EUR/USD,20090601 00:06:27.855,1.41025,1.4103
EUR/USD,20090601 00:06:29.257,1.41037,1.41039
EUR/USD,20090601 00:06:29.258,1.41037,1.41046
EUR/USD,20090601 00:06:29.259,1.41035,1.41046
EUR/USD,20090601 00:06:29.322,1.41035,1.41047
EUR/USD,20090601 00:06:29.451,1.41035,1.41045
EUR/USD,20090601 00:06:29.517,1.41033,1.41045
EUR/USD,20090601 00:06:29.521,1.41033,1.4104
EUR/USD,20090601 00:06:29.760,1.41031,1.4104
EUR/USD,20090601 00:06:29.761,1.41031,1.41033
EUR/USD,20090601 00:06:29.764,1.41031,1.4104
EUR/USD,20090601 00:06:29.765,1.41031,1.41036
EUR/USD,20090601 00:06:29.777,1.41026,1.41029
EUR/USD,20090601 00:06:29.778,1.41026,1.4103
EUR/USD,20090601 00:06:29.859,1.4102,1.4103
EUR/USD,20090601 00:06:30.017,1.41028,1.4103
EUR/USD,20090601 00:06:30.018,1.41025,1.4103
EUR/USD,20090601 00:06:30.206,1.41027,1.4103
EUR/USD,20090601 00:06:31.261,1.4102,1.4103
EUR/USD,20090601 00:06:31.263,1.41023,1.4103
EUR/USD,20090601 00:06:31.267,1.41023,1.41029
EUR/USD,20090601 00:06:31.285,1.41023,1.4103
EUR/USD,20090601 00:06:33.022,1.41023,1.41029
EUR/USD,20090601 00:06:33.036,1.41023,1.4103
EUR/USD,20090601 00:06:33.980,1.41023,1.41029
EUR/USD,20090601 00:06:34.015,1.41021,1.41029
EUR/USD,20090601 00:06:34.026,1.41017,1.41029
EUR/USD,20090601 00:06:34.439,1.41017,1.41029
EUR/USD,20090601 00:06:34.953,1.41018,1.41029
EUR/USD,20090601 00:06:35.022,1.41017,1.41029
EUR/USD,20090601 00:06:35.465,1.41017,1.41029
EUR/USD,20090601 00:06:35.763,1.41022,1.41029
EUR/USD,20090601 00:06:35.771,1.41022,1.41029
EUR/USD,20090601 00:06:35.821,1.41022,1.41029
EUR/USD,20090601 00:06:37.509,1.41015,1.4103
EUR/USD,20090601 00:06:37.511,1.41017,1.4103
EUR/USD,20090601 00:06:37.560,1.41017,1.41029
EUR/USD,20090601 00:06:40.764,1.4102,1.41029
EUR/USD,20090601 00:06:40.775,1.41021,1.41029
EUR/USD,20090601 00:06:40.818,1.41021,1.4103
EUR/USD,20090601 00:06:43.518,1.41018,1.41029
EUR/USD,20090601 00:06:43.591,1.41015,1.41029
EUR/USD,20090601 00:06:46.760,1.4102,1.41029
EUR/USD,20090601 00:06:46.762,1.41023,1.41029
EUR/USD,20090601 00:06:46.766,1.41023,1.41029
EUR/USD,20090601 00:06:46.939,1.41023,1.41028
EUR/USD,20090601 00:06:47.318,1.41023,1.41029
EUR/USD,20090601 00:06:47.766,1.4102,1.41029
EUR/USD,20090601 00:06:47.780,1.41016,1.41029
EUR/USD,20090601 00:06:47.822,1.41015,1.41028
EUR/USD,20090601 00:06:47.945,1.41015,1.41026
EUR/USD,20090601 00:06:48.439,1.41015,1.41028
EUR/USD,20090601 00:06:48.944,1.41015,1.41029
EUR/USD,20090601 00:06:50.013,1.4102,1.41029
EUR/USD,20090601 00:06:51.440,1.4102,1.41027
EUR/USD,20090601 00:06:51.510,1.4102,1.41027
EUR/USD,20090601 00:06:51.761,1.4102,1.41026
EUR/USD,20090601 00:06:51.770,1.41013,1.41019
EUR/USD,20090601 00:06:51.815,1.4101,1.41019
EUR/USD,20090601 00:06:52.016,1.41013,1.41019
EUR/USD,20090601 00:06:52.017,1.4102,1.41026
EUR/USD,20090601 00:06:52.260,1.4102,1.41029
EUR/USD,20090601 00:06:52.267,1.41015,1.41029
EUR/USD,20090601 00:06:52.310,1.41015,1.41029
EUR/USD,20090601 00:06:53.013,1.41023,1.41029
EUR/USD,20090601 00:06:53.028,1.41023,1.41029
EUR/USD,20090601 00:06:53.072,1.41023,1.41029
EUR/USD,20090601 00:06:53.264,1.4102,1.41029
EUR/USD,20090601 00:06:53.279,1.41015,1.41029
EUR/USD,20090601 00:06:53.316,1.41015,1.41029
EUR/USD,20090601 00:06:53.450,1.41015,1.41028
EUR/USD,20090601 00:06:53.510,1.41023,1.41028
EUR/USD,20090601 00:06:53.511,1.4102,1.41028
EUR/USD,20090601 00:06:53.518,1.41021,1.41028
EUR/USD,20090601 00:06:53.520,1.4102,1.41028
EUR/USD,20090601 00:06:54.529,1.41017,1.41028
EUR/USD,20090601 00:06:57.087,1.41017,1.41029
EUR/USD,20090601 00:06:57.513,1.4102,1.41029
EUR/USD,20090601 00:06:57.518,1.41021,1.4103
EUR/USD,20090601 00:06:57.531,1.4102,1.4103
EUR/USD,20090601 00:06:57.768,1.41016,1.41029
EUR/USD,20090601 00:06:57.859,1.41015,1.41029
EUR/USD,20090601 00:06:58.014,1.41023,1.41028
EUR/USD,20090601 00:06:58.018,1.4102,1.41029
EUR/USD,20090601 00:06:58.020,1.41021,1.4103
EUR/USD,20090601 00:06:58.030,1.4102,1.4103
EUR/USD,20090601 00:06:58.031,1.4102,1.41029
EUR/USD,20090601 00:06:58.518,1.41017,1.41029
EUR/USD,20090601 00:06:59.810,1.41017,1.41027
EUR/USD,20090601 00:07:00.759,1.41012,1.41027
EUR/USD,20090601 00:07:00.783,1.41012,1.4102
EUR/USD,20090601 00:07:00.784,1.41012,1.41019
EUR/USD,20090601 00:07:03.012,1.41005,1.41019
EUR/USD,20090601 00:07:03.447,1.41009,1.41019
EUR/USD,20090601 00:07:03.513,1.41013,1.41019
EUR/USD,20090601 00:07:03.514,1.4101,1.41019
EUR/USD,20090601 00:07:09.258,1.41017,1.41019
EUR/USD,20090601 00:07:09.259,1.41015,1.41019
EUR/USD,20090601 00:07:09.265,1.41015,1.4102
EUR/USD,20090601 00:07:09.309,1.41015,1.41027
EUR/USD,20090601 00:07:09.439,1.41015,1.41026
EUR/USD,20090601 00:07:10.808,1.41015,1.41028
EUR/USD,20090601 00:07:11.403,1.41015,1.41027
EUR/USD,20090601 00:07:13.518,1.41015,1.41028
EUR/USD,20090601 00:07:14.340,1.41015,1.41027
EUR/USD,20090601 00:07:17.761,1.4101,1.41027
EUR/USD,20090601 00:07:17.762,1.4101,1.41016
EUR/USD,20090601 00:07:17.789,1.41009,1.41009
EUR/USD,20090601 00:07:17.830,1.41001,1.41009
EUR/USD,20090601 00:07:17.975,1.41003,1.41009
EUR/USD,20090601 00:07:18.191,1.41002,1.41009
EUR/USD,20090601 00:07:18.261,1.41005,1.41009
EUR/USD,20090601 00:07:18.269,1.41005,1.41014
EUR/USD,20090601 00:07:18.293,1.41008,1.41013
EUR/USD,20090601 00:07:18.294,1.41008,1.41014
EUR/USD,20090601 00:07:18.295,1.41007,1.41014
EUR/USD,20090601 00:07:18.305,1.41007,1.41018
EUR/USD,20090601 00:07:18.513,1.41012,1.41019
EUR/USD,20090601 00:07:18.760,1.41015,1.41019
EUR/USD,20090601 00:07:18.761,1.41017,1.41019
EUR/USD,20090601 00:07:18.768,1.41017,1.4102
EUR/USD,20090601 00:07:18.832,1.41017,1.41026
EUR/USD,20090601 00:07:19.447,1.41017,1.41025
EUR/USD,20090601 00:07:19.585,1.41017,1.41026
EUR/USD,20090601 00:07:20.017,1.4101,1.41026
EUR/USD,20090601 00:07:20.054,1.4101,1.4102
EUR/USD,20090601 00:07:20.055,1.4101,1.41019
EUR/USD,20090601 00:07:20.269,1.4101,1.4102
EUR/USD,20090601 00:07:20.272,1.4101,1.41019
EUR/USD,20090601 00:07:21.038,1.4101,1.4102
EUR/USD,20090601 00:07:21.045,1.4101,1.41019
EUR/USD,20090601 00:07:21.267,1.4101,1.4102
EUR/USD,20090601 00:07:21.271,1.4101,1.41019
EUR/USD,20090601 00:07:21.692,1.4101,1.4102
EUR/USD,20090601 00:07:22.014,1.41017,1.4102
EUR/USD,20090601 00:07:22.015,1.41015,1.4102
EUR/USD,20090601 00:07:22.033,1.41015,1.41024
EUR/USD,20090601 00:07:22.455,1.41015,1.41025
EUR/USD,20090601 00:07:27.072,1.41015,1.41026
EUR/USD,20090601 00:07:27.952,1.41015,1.41024
EUR/USD,20090601 00:07:31.513,1.41013,1.41024
EUR/USD,20090601 00:07:31.514,1.4101,1.41024
EUR/USD,20090601 00:07:31.526,1.4101,1.41019
EUR/USD,20090601 00:07:33.758,1.41017,1.41019
EUR/USD,20090601 00:07:33.760,1.41015,1.41019
EUR/USD,20090601 00:07:33.776,1.41015,1.41019
EUR/USD,20090601 00:07:33.806,1.41015,1.41025
EUR/USD,20090601 00:07:33.959,1.41015,1.41023
EUR/USD,20090601 00:07:34.046,1.41015,1.41025
EUR/USD,20090601 00:07:35.259,1.41023,1.41025
EUR/USD,20090601 00:07:35.261,1.4102,1.41025
EUR/USD,20090601 00:07:35.275,1.41021,1.41025
EUR/USD,20090601 00:07:35.277,1.4102,1.41025
EUR/USD,20090601 00:07:35.312,1.4102,1.41028
EUR/USD,20090601 00:07:35.774,1.41015,1.41028
EUR/USD,20090601 00:07:35.812,1.41015,1.41026
EUR/USD,20090601 00:07:35.864,1.41017,1.41026
EUR/USD,20090601 00:07:36.734,1.41017,1.41027
EUR/USD,20090601 00:07:37.758,1.41023,1.41027
EUR/USD,20090601 00:07:37.759,1.4102,1.41027
EUR/USD,20090601 00:07:37.815,1.4102,1.41029
EUR/USD,20090601 00:07:38.014,1.4102,1.41029
EUR/USD,20090601 00:07:38.025,1.41015,1.41029
EUR/USD,20090601 00:07:38.029,1.41015,1.4102
EUR/USD,20090601 00:07:38.030,1.41015,1.41019
EUR/USD,20090601 00:07:38.080,1.4101,1.41019
EUR/USD,20090601 00:07:38.081,1.4101,1.41029
EUR/USD,20090601 00:07:38.263,1.41015,1.41026
EUR/USD,20090601 00:07:38.264,1.41015,1.41029
EUR/USD,20090601 00:07:38.282,1.41017,1.41029
EUR/USD,20090601 00:07:38.318,1.41017,1.41028
EUR/USD,20090601 00:07:39.256,1.41017,1.41026
EUR/USD,20090601 00:07:40.764,1.4102,1.41026
EUR/USD,20090601 00:07:40.773,1.41022,1.41026
EUR/USD,20090601 00:07:40.817,1.41022,1.41028
EUR/USD,20090601 00:07:41.551,1.41022,1.41029
EUR/USD,20090601 00:07:42.021,1.41022,1.4103
EUR/USD,20090601 00:07:42.305,1.41022,1.41031
EUR/USD,20090601 00:07:42.456,1.41022,1.4103
EUR/USD,20090601 00:07:43.601,1.41022,1.41031
EUR/USD,20090601 00:07:48.286,1.41022,1.4103
EUR/USD,20090601 00:07:50.304,1.41022,1.41031
EUR/USD,20090601 00:07:52.299,1.41022,1.4103
EUR/USD,20090601 00:07:52.836,1.41022,1.41029
EUR/USD,20090601 00:07:56.855,1.41022,1.4103
EUR/USD,20090601 00:08:04.765,1.41022,1.41026
EUR/USD,20090601 00:08:04.778,1.41016,1.41026
EUR/USD,20090601 00:08:04.834,1.41012,1.41026
EUR/USD,20090601 00:08:10.263,1.41012,1.41024
EUR/USD,20090601 00:08:10.264,1.41012,1.41021
EUR/USD,20090601 00:08:10.272,1.41007,1.41021
EUR/USD,20090601 00:08:10.510,1.41013,1.41019
EUR/USD,20090601 00:08:10.511,1.4101,1.41023
EUR/USD,20090601 00:08:10.519,1.41012,1.41021
EUR/USD,20090601 00:08:15.533,1.41009,1.41021
EUR/USD,20090601 00:08:15.597,1.41007,1.41022
EUR/USD,20090601 00:08:15.761,1.41012,1.41019
EUR/USD,20090601 00:08:16.013,1.41012,1.41021
EUR/USD,20090601 00:08:16.016,1.41007,1.41021
EUR/USD,20090601 00:08:17.764,1.41007,1.41019
EUR/USD,20090601 00:08:21.444,1.41009,1.41019
EUR/USD,20090601 00:08:21.758,1.41013,1.41019
EUR/USD,20090601 00:08:21.759,1.4101,1.41021
EUR/USD,20090601 00:08:21.772,1.41012,1.41021
EUR/USD,20090601 00:08:22.019,1.41009,1.41021
EUR/USD,20090601 00:08:22.062,1.41008,1.41021
EUR/USD,20090601 00:08:22.264,1.41007,1.41018
EUR/USD,20090601 00:08:24.260,1.41007,1.41019
EUR/USD,20090601 00:08:26.258,1.41013,1.41019
EUR/USD,20090601 00:08:26.509,1.41012,1.41021
EUR/USD,20090601 00:08:26.510,1.41012,1.41018
EUR/USD,20090601 00:08:26.521,1.4101,1.41018
EUR/USD,20090601 00:08:26.569,1.41008,1.41018
EUR/USD,20090601 00:08:26.762,1.4101,1.41021
EUR/USD,20090601 00:08:26.763,1.41013,1.41021
EUR/USD,20090601 00:08:27.012,1.41012,1.41021
EUR/USD,20090601 00:08:27.027,1.4101,1.41021
EUR/USD,20090601 00:08:27.061,1.41007,1.41021
EUR/USD,20090601 00:08:27.429,1.41007,1.41022
EUR/USD,20090601 00:08:31.699,1.41007,1.4102
EUR/USD,20090601 00:08:32.006,1.41007,1.41021
EUR/USD,20090601 00:08:32.259,1.41013,1.41019
EUR/USD,20090601 00:08:32.511,1.41012,1.4102
EUR/USD,20090601 00:08:32.526,1.41008,1.4102
EUR/USD,20090601 00:08:32.559,1.41008,1.41019
EUR/USD,20090601 00:08:32.761,1.4101,1.41019
EUR/USD,20090601 00:08:32.763,1.41013,1.41018
EUR/USD,20090601 00:08:33.014,1.41012,1.41021
EUR/USD,20090601 00:08:33.015,1.41012,1.41019
EUR/USD,20090601 00:08:33.036,1.4101,1.41019
EUR/USD,20090601 00:08:33.066,1.41007,1.41019
EUR/USD,20090601 00:08:38.265,1.41013,1.41019
EUR/USD,20090601 00:08:38.511,1.41012,1.41019
EUR/USD,20090601 00:08:38.550,1.41012,1.41018
EUR/USD,20090601 00:08:43.553,1.41012,1.41019
EUR/USD,20090601 00:08:55.258,1.41013,1.41019
EUR/USD,20090601 00:08:55.259,1.41012,1.41019
EUR/USD,20090601 00:08:55.434,1.41012,1.41018
EUR/USD,20090601 00:09:04.935,1.41012,1.41019
EUR/USD,20090601 00:09:05.062,1.41012,1.41018
EUR/USD,20090601 00:09:05.285,1.41002,1.41018
EUR/USD,20090601 00:09:05.324,1.41002,1.41015
EUR/USD,20090601 00:09:05.451,1.41002,1.41018
EUR/USD,20090601 00:09:06.451,1.41002,1.41016
EUR/USD,20090601 00:09:08.306,1.41002,1.41017
EUR/USD,20090601 00:09:08.585,1.41002,1.41018
EUR/USD,20090601 00:09:10.560,1.41002,1.41017
EUR/USD,20090601 00:09:11.761,1.41002,1.41014
EUR/USD,20090601 00:09:11.762,1.41002,1.41016
EUR/USD,20090601 00:09:11.774,1.40997,1.41016
EUR/USD,20090601 00:09:11.832,1.40997,1.41009
EUR/USD,20090601 00:09:11.962,1.40997,1.41012
EUR/USD,20090601 00:09:12.013,1.41003,1.41009
EUR/USD,20090601 00:09:12.262,1.41002,1.41011
EUR/USD,20090601 00:09:12.278,1.41002,1.41011
EUR/USD,20090601 00:09:12.279,1.40998,1.41011
EUR/USD,20090601 00:09:12.313,1.40998,1.41009
EUR/USD,20090601 00:09:12.457,1.40998,1.4101
EUR/USD,20090601 00:09:12.515,1.40997,1.41008
EUR/USD,20090601 00:09:14.510,1.40997,1.41009
EUR/USD,20090601 00:09:14.521,1.40993,1.41001
EUR/USD,20090601 00:09:15.263,1.41,1.41001
EUR/USD,20090601 00:09:15.283,1.41002,1.41003
EUR/USD,20090601 00:09:15.315,1.41002,1.41016
EUR/USD,20090601 00:09:15.433,1.41002,1.41016
EUR/USD,20090601 00:09:16.962,1.41002,1.41012
EUR/USD,20090601 00:09:17.013,1.41003,1.41012
EUR/USD,20090601 00:09:17.033,1.41003,1.41011
EUR/USD,20090601 00:09:17.049,1.41003,1.4101
EUR/USD,20090601 00:09:18.935,1.41003,1.41009
EUR/USD,20090601 00:09:19.984,1.41003,1.41011
EUR/USD,20090601 00:09:23.455,1.41003,1.41011
EUR/USD,20090601 00:09:25.758,1.41007,1.41011
EUR/USD,20090601 00:09:25.759,1.41005,1.41011
EUR/USD,20090601 00:09:25.778,1.41005,1.41012
EUR/USD,20090601 00:09:25.823,1.41005,1.41016
EUR/USD,20090601 00:09:26.015,1.4101,1.41019
EUR/USD,20090601 00:09:26.016,1.41012,1.41019
EUR/USD,20090601 00:09:26.260,1.41013,1.41019
EUR/USD,20090601 00:09:27.952,1.41013,1.41017
EUR/USD,20090601 00:09:29.312,1.41013,1.41018
EUR/USD,20090601 00:09:31.808,1.41013,1.41019
EUR/USD,20090601 00:09:41.919,1.41013,1.41019
EUR/USD,20090601 00:09:45.260,1.41017,1.41019
EUR/USD,20090601 00:09:45.334,1.41017,1.41023
EUR/USD,20090601 00:09:52.012,1.41017,1.41026
EUR/USD,20090601 00:09:52.026,1.41012,1.41026
EUR/USD,20090601 00:09:52.043,1.41012,1.41028
EUR/USD,20090601 00:09:52.310,1.41012,1.41025
EUR/USD,20090601 00:09:59.262,1.41015,1.41025
EUR/USD,20090601 00:09:59.437,1.41015,1.41023
EUR/USD,20090601 00:10:01.437,1.41015,1.41025
EUR/USD,20090601 00:10:16.432,1.41015,1.41023
EUR/USD,20090601 00:10:22.013,1.41012,1.41023
EUR/USD,20090601 00:10:22.014,1.4101,1.41023
EUR/USD,20090601 00:10:22.040,1.4101,1.41019
EUR/USD,20090601 00:10:22.263,1.4101,1.4102
EUR/USD,20090601 00:10:23.013,1.41005,1.4102
EUR/USD,20090601 00:10:23.023,1.41005,1.41019
EUR/USD,20090601 00:10:23.052,1.41005,1.41018
EUR/USD,20090601 00:10:23.437,1.41005,1.41019
EUR/USD,20090601 00:10:26.258,1.41003,1.41019
EUR/USD,20090601 00:10:26.261,1.41001,1.41019
EUR/USD,20090601 00:10:26.273,1.41001,1.41009
EUR/USD,20090601 00:10:26.303,1.41,1.41009
EUR/USD,20090601 00:10:57.666,1.41,1.41011
EUR/USD,20090601 00:10:57.667,1.41002,1.41011
EUR/USD,20090601 00:11:06.460,1.41003,1.41011
EUR/USD,20090601 00:11:06.814,1.41002,1.41011
EUR/USD,20090601 00:11:07.478,1.41003,1.41011
EUR/USD,20090601 00:11:12.448,1.41002,1.41011
EUR/USD,20090601 00:11:13.584,1.41002,1.41011
EUR/USD,20090601 00:11:21.269,1.41003,1.41011
EUR/USD,20090601 00:11:21.271,1.41002,1.41011
EUR/USD,20090601 00:11:24.260,1.41012,1.41013
EUR/USD,20090601 00:11:26.260,1.41012,1.41024
EUR/USD,20090601 00:11:26.261,1.41012,1.41021
EUR/USD,20090601 00:11:26.273,1.41007,1.41021
EUR/USD,20090601 00:11:26.308,1.41007,1.41017
EUR/USD,20090601 00:11:26.472,1.41007,1.4102
EUR/USD,20090601 00:11:27.978,1.41007,1.41019
EUR/USD,20090601 00:11:28.013,1.41013,1.41019
EUR/USD,20090601 00:11:28.014,1.4101,1.41019
EUR/USD,20090601 00:11:28.025,1.41012,1.41019
EUR/USD,20090601 00:11:30.460,1.41012,1.41021
EUR/USD,20090601 00:11:36.437,1.41012,1.41019
EUR/USD,20090601 00:11:36.809,1.41012,1.41021
EUR/USD,20090601 00:11:36.861,1.41014,1.41021
EUR/USD,20090601 00:11:40.259,1.41015,1.41021
EUR/USD,20090601 00:11:40.276,1.41019,1.41021
EUR/USD,20090601 00:11:40.335,1.41019,1.41025
EUR/USD,20090601 00:11:40.574,1.41019,1.41026
EUR/USD,20090601 00:11:45.760,1.41022,1.41027
EUR/USD,20090601 00:11:45.785,1.41024,1.41027
EUR/USD,20090601 00:11:45.822,1.41024,1.41029
EUR/USD,20090601 00:11:56.014,1.41025,1.41032
EUR/USD,20090601 00:11:56.029,1.41029,1.41032
EUR/USD,20090601 00:11:56.058,1.41029,1.41035
EUR/USD,20090601 00:11:56.605,1.41029,1.41034
EUR/USD,20090601 00:12:01.263,1.41036,1.41041
EUR/USD,20090601 00:12:01.300,1.41044,1.41063
EUR/USD,20090601 00:12:01.331,1.41044,1.41047
EUR/USD,20090601 00:12:01.456,1.41044,1.41045
EUR/USD,20090601 00:12:01.492,1.41044,1.41046
EUR/USD,20090601 00:12:01.558,1.41028,1.41046
EUR/USD,20090601 00:12:01.660,1.41024,1.41031
EUR/USD,20090601 00:12:01.765,1.41025,1.41031
EUR/USD,20090601 00:12:01.779,1.41029,1.41031
EUR/USD,20090601 00:12:01.839,1.41029,1.41036
EUR/USD,20090601 00:12:02.016,1.4103,1.41036
EUR/USD,20090601 00:12:02.018,1.41032,1.41036
EUR/USD,20090601 00:12:02.054,1.41034,1.41036
EUR/USD,20090601 00:12:02.106,1.41034,1.41038
EUR/USD,20090601 00:12:02.439,1.41034,1.41036
EUR/USD,20090601 00:12:02.525,1.41029,1.41036
EUR/USD,20090601 00:12:04.060,1.41029,1.41039
EUR/USD,20090601 00:12:07.758,1.41033,1.41039
EUR/USD,20090601 00:12:07.760,1.4103,1.41039
EUR/USD,20090601 00:12:07.763,1.41034,1.41039
EUR/USD,20090601 00:12:07.814,1.41034,1.4104
EUR/USD,20090601 00:12:07.940,1.41034,1.41038
EUR/USD,20090601 00:12:08.051,1.41029,1.41038
EUR/USD,20090601 00:12:08.259,1.4103,1.41038
EUR/USD,20090601 00:12:08.271,1.41034,1.41038
EUR/USD,20090601 00:12:08.308,1.41034,1.4104
EUR/USD,20090601 00:12:08.456,1.41034,1.41039
EUR/USD,20090601 00:12:08.523,1.41029,1.41039
EUR/USD,20090601 00:12:09.535,1.41024,1.41039
EUR/USD,20090601 00:12:09.632,1.41024,1.41031
EUR/USD,20090601 00:12:09.941,1.41024,1.41032
EUR/USD,20090601 00:12:10.512,1.4103,1.41032
EUR/USD,20090601 00:12:10.578,1.4103,1.41036
EUR/USD,20090601 00:12:20.014,1.41027,1.4104
EUR/USD,20090601 00:12:20.031,1.41029,1.4104
EUR/USD,20090601 00:12:20.762,1.4104,1.4104
EUR/USD,20090601 00:12:20.779,1.41044,1.41063
EUR/USD,20090601 00:12:20.817,1.41044,1.41049
EUR/USD,20090601 00:12:21.111,1.41044,1.41048
EUR/USD,20090601 00:12:21.276,1.41034,1.41048
EUR/USD,20090601 00:12:21.513,1.41041,1.41044
EUR/USD,20090601 00:12:21.529,1.41044,1.41044
EUR/USD,20090601 00:12:21.769,1.41044,1.41049
EUR/USD,20090601 00:12:21.958,1.41044,1.41048
EUR/USD,20090601 00:12:22.038,1.41034,1.41048
EUR/USD,20090601 00:12:22.070,1.41034,1.41049
EUR/USD,20090601 00:12:22.273,1.41034,1.41043
EUR/USD,20090601 00:12:24.014,1.41043,1.41044
EUR/USD,20090601 00:12:24.039,1.41044,1.41044
EUR/USD,20090601 00:12:24.263,1.41045,1.4105
EUR/USD,20090601 00:12:24.264,1.41048,1.4105
EUR/USD,20090601 00:12:24.269,1.41049,1.4105
EUR/USD,20090601 00:12:24.316,1.41049,1.41053
EUR/USD,20090601 00:12:24.517,1.41049,1.41056
EUR/USD,20090601 00:12:24.759,1.41052,1.41056
EUR/USD,20090601 00:12:24.760,1.4105,1.41056
EUR/USD,20090601 00:12:24.765,1.41054,1.41056
EUR/USD,20090601 00:12:24.805,1.41054,1.41061
EUR/USD,20090601 00:12:24.966,1.41054,1.41063
EUR/USD,20090601 00:12:26.786,1.41053,1.41063
EUR/USD,20090601 00:12:27.264,1.41048,1.41063
EUR/USD,20090601 00:12:27.309,1.41048,1.41056
EUR/USD,20090601 00:12:27.461,1.41048,1.41059
EUR/USD,20090601 00:12:28.957,1.41048,1.41057
EUR/USD,20090601 00:12:30.534,1.41053,1.41057
EUR/USD,20090601 00:12:30.566,1.41053,1.41058
EUR/USD,20090601 00:12:30.962,1.41053,1.41057
EUR/USD,20090601 00:12:31.023,1.41048,1.41057
EUR/USD,20090601 00:12:31.056,1.41048,1.41056
EUR/USD,20090601 00:12:31.301,1.41048,1.41058
EUR/USD,20090601 00:12:31.454,1.41048,1.41059
EUR/USD,20090601 00:12:31.758,1.41049,1.41059
EUR/USD,20090601 00:12:31.759,1.41048,1.41059
EUR/USD,20090601 00:12:31.770,1.41053,1.41059
EUR/USD,20090601 00:12:31.818,1.41053,1.41061
EUR/USD,20090601 00:12:33.015,1.41053,1.41063
EUR/USD,20090601 00:12:33.031,1.41059,1.41063
EUR/USD,20090601 00:12:33.271,1.41054,1.41063
EUR/USD,20090601 00:12:33.310,1.41054,1.4106
EUR/USD,20090601 00:12:34.762,1.41055,1.4106
EUR/USD,20090601 00:12:34.765,1.41054,1.4106
EUR/USD,20090601 00:12:34.825,1.41054,1.41065
EUR/USD,20090601 00:12:35.013,1.41055,1.41067
EUR/USD,20090601 00:12:35.115,1.41055,1.4106
EUR/USD,20090601 00:12:35.266,1.41059,1.4106
EUR/USD,20090601 00:12:35.311,1.41059,1.41067
EUR/USD,20090601 00:12:35.481,1.41059,1.4106
EUR/USD,20090601 00:12:35.962,1.41059,1.41067
EUR/USD,20090601 00:12:36.467,1.41059,1.4106
EUR/USD,20090601 00:12:36.523,1.41054,1.4106
EUR/USD,20090601 00:12:39.580,1.41054,1.41061
EUR/USD,20090601 00:12:40.053,1.41054,1.41062
EUR/USD,20090601 00:12:40.283,1.41049,1.41062
EUR/USD,20090601 00:12:40.310,1.41049,1.4106
EUR/USD,20090601 00:12:40.531,1.41049,1.41061
EUR/USD,20090601 00:12:40.949,1.41049,1.4106
EUR/USD,20090601 00:12:41.495,1.41049,1.41059
EUR/USD,20090601 00:12:45.438,1.41049,1.4106
EUR/USD,20090601 00:12:49.042,1.41048,1.4106
EUR/USD,20090601 00:12:49.055,1.41048,1.41059
EUR/USD,20090601 00:12:58.510,1.4105,1.41059
EUR/USD,20090601 00:12:58.531,1.41054,1.41059
EUR/USD,20090601 00:12:58.558,1.41054,1.41061
EUR/USD,20090601 00:12:59.015,1.41055,1.41065
EUR/USD,20090601 00:12:59.017,1.41057,1.41064
EUR/USD,20090601 00:13:03.258,1.41057,1.41069
EUR/USD,20090601 00:13:03.512,1.41063,1.41069
EUR/USD,20090601 00:13:03.513,1.41063,1.4107
EUR/USD,20090601 00:13:03.514,1.4106,1.4107
EUR/USD,20090601 00:13:03.516,1.41064,1.4107
EUR/USD,20090601 00:13:06.481,1.41064,1.41076
EUR/USD,20090601 00:13:06.509,1.41067,1.41073
EUR/USD,20090601 00:13:06.510,1.41065,1.41076
EUR/USD,20090601 00:13:06.524,1.41074,1.41076
EUR/USD,20090601 00:13:06.762,1.41074,1.41081
EUR/USD,20090601 00:13:06.763,1.41074,1.41081
EUR/USD,20090601 00:13:06.803,1.41079,1.41081
EUR/USD,20090601 00:13:06.819,1.41079,1.41086
EUR/USD,20090601 00:13:07.462,1.41079,1.41087
EUR/USD,20090601 00:13:10.517,1.41074,1.41087
EUR/USD,20090601 00:13:10.563,1.41074,1.4108
EUR/USD,20090601 00:13:12.753,1.41073,1.4108
EUR/USD,20090601 00:13:12.763,1.41074,1.4108
EUR/USD,20090601 00:13:12.860,1.41074,1.41081
EUR/USD,20090601 00:13:14.258,1.41073,1.41086
EUR/USD,20090601 00:13:14.763,1.41073,1.41083
EUR/USD,20090601 00:13:15.015,1.41073,1.41082
EUR/USD,20090601 00:13:15.016,1.41073,1.4108
EUR/USD,20090601 00:13:15.017,1.41073,1.41075
EUR/USD,20090601 00:13:15.041,1.41068,1.41075
EUR/USD,20090601 00:13:15.513,1.41068,1.41077
EUR/USD,20090601 00:13:15.522,1.41063,1.41072
EUR/USD,20090601 00:13:15.770,1.41063,1.41073
EUR/USD,20090601 00:13:15.771,1.41068,1.41073
EUR/USD,20090601 00:13:15.818,1.41068,1.41073
EUR/USD,20090601 00:13:16.019,1.41068,1.41074
EUR/USD,20090601 00:13:17.513,1.41068,1.41077
EUR/USD,20090601 00:13:18.512,1.41068,1.41075
EUR/USD,20090601 00:13:18.513,1.41068,1.41073
EUR/USD,20090601 00:13:18.524,1.41063,1.41072
EUR/USD,20090601 00:13:18.949,1.41063,1.4107
EUR/USD,20090601 00:13:19.262,1.41063,1.41067
EUR/USD,20090601 00:13:19.277,1.41058,1.41067
EUR/USD,20090601 00:13:19.761,1.41058,1.41063
EUR/USD,20090601 00:13:19.772,1.41058,1.41065
EUR/USD,20090601 00:13:19.773,1.41058,1.41063
EUR/USD,20090601 00:13:19.774,1.41053,1.41063
EUR/USD,20090601 00:13:19.818,1.41053,1.41062
EUR/USD,20090601 00:13:19.959,1.41053,1.41063
EUR/USD,20090601 00:13:20.018,1.41053,1.41062
EUR/USD,20090601 00:13:20.032,1.41048,1.41062
EUR/USD,20090601 00:13:20.277,1.41048,1.41057
EUR/USD,20090601 00:13:20.760,1.41048,1.41061
EUR/USD,20090601 00:13:21.264,1.41048,1.41058
EUR/USD,20090601 00:13:21.761,1.41048,1.41059
EUR/USD,20090601 00:13:22.013,1.41048,1.41056
EUR/USD,20090601 00:13:22.023,1.41043,1.41056
EUR/USD,20090601 00:13:26.013,1.41047,1.4105
EUR/USD,20090601 00:13:26.022,1.41053,1.41062
EUR/USD,20090601 00:13:26.079,1.41053,1.41061
EUR/USD,20090601 00:13:29.778,1.41063,1.41067
EUR/USD,20090601 00:13:29.863,1.41048,1.41061
EUR/USD,20090601 00:13:29.865,1.41055,1.41067
EUR/USD,20090601 00:13:30.760,1.41055,1.41069
EUR/USD,20090601 00:13:30.761,1.41055,1.41063
EUR/USD,20090601 00:13:30.769,1.41058,1.41063
EUR/USD,20090601 00:13:31.014,1.41058,1.41065
EUR/USD,20090601 00:13:31.015,1.41058,1.41063
EUR/USD,20090601 00:13:31.016,1.41058,1.41058
EUR/USD,20090601 00:13:31.025,1.41053,1.41058
EUR/USD,20090601 00:13:31.761,1.41053,1.41057
EUR/USD,20090601 00:13:31.762,1.41053,1.4106
EUR/USD,20090601 00:13:31.776,1.41048,1.4106
EUR/USD,20090601 00:13:31.802,1.41048,1.41052
EUR/USD,20090601 00:13:33.511,1.41048,1.41055
EUR/USD,20090601 00:13:33.512,1.41048,1.41053
EUR/USD,20090601 00:13:33.520,1.41038,1.41053
EUR/USD,20090601 00:13:33.761,1.41038,1.41047
EUR/USD,20090601 00:13:34.021,1.41038,1.41049
EUR/USD,20090601 00:13:35.012,1.41038,1.41047
EUR/USD,20090601 00:13:37.488,1.41047,1.41047
EUR/USD,20090601 00:13:37.981,1.41038,1.41047
EUR/USD,20090601 00:13:46.258,1.41038,1.41051
EUR/USD,20090601 00:13:48.258,1.41038,1.41049
EUR/USD,20090601 00:13:48.759,1.41038,1.41044
EUR/USD,20090601 00:13:48.762,1.41035,1.41044
EUR/USD,20090601 00:13:48.829,1.41033,1.41044
EUR/USD,20090601 00:13:58.508,1.41033,1.41042
EUR/USD,20090601 00:13:58.509,1.41033,1.41041
EUR/USD,20090601 00:14:01.258,1.41033,1.41039
EUR/USD,20090601 00:14:01.259,1.41033,1.41042
EUR/USD,20090601 00:14:02.759,1.41039,1.41044
EUR/USD,20090601 00:14:02.822,1.41044,1.41044
EUR/USD,20090601 00:14:02.962,1.41048,1.41059
EUR/USD,20090601 00:14:03.016,1.41048,1.41055
EUR/USD,20090601 00:14:03.017,1.41048,1.41059
EUR/USD,20090601 00:14:03.086,1.41049,1.41059
EUR/USD,20090601 00:14:03.203,1.4105,1.41059
EUR/USD,20090601 00:14:03.263,1.41052,1.41057
EUR/USD,20090601 00:14:03.280,1.41053,1.41057
EUR/USD,20090601 00:14:06.260,1.41057,1.41062
EUR/USD,20090601 00:14:06.261,1.41055,1.41062
EUR/USD,20090601 00:14:06.266,1.41058,1.41065
EUR/USD,20090601 00:14:06.294,1.41058,1.41065
EUR/USD,20090601 00:14:07.123,1.41057,1.41065
EUR/USD,20090601 00:14:11.209,1.41057,1.41071
EUR/USD,20090601 00:14:11.210,1.41057,1.41069
EUR/USD,20090601 00:14:11.656,1.41059,1.41069
EUR/USD,20090601 00:14:11.657,1.41059,1.41068
EUR/USD,20090601 00:14:12.510,1.41057,1.41068
EUR/USD,20090601 00:14:12.511,1.41057,1.41063
EUR/USD,20090601 00:14:12.512,1.41057,1.41069
EUR/USD,20090601 00:14:12.520,1.41053,1.41061
EUR/USD,20090601 00:14:12.586,1.41052,1.41061
EUR/USD,20090601 00:14:16.758,1.41059,1.41061
EUR/USD,20090601 00:14:16.775,1.41059,1.41068
EUR/USD,20090601 00:14:18.258,1.41054,1.41068
EUR/USD,20090601 00:14:18.259,1.41052,1.41069
EUR/USD,20090601 00:14:18.293,1.41052,1.41061
EUR/USD,20090601 00:14:18.489,1.41053,1.41061
EUR/USD,20090601 00:14:21.258,1.41059,1.41061
EUR/USD,20090601 00:14:21.259,1.41057,1.41061
EUR/USD,20090601 00:14:21.275,1.41057,1.41064
EUR/USD,20090601 00:14:21.510,1.41057,1.41069
EUR/USD,20090601 00:14:21.516,1.41052,1.41061
EUR/USD,20090601 00:14:21.945,1.41053,1.41061
EUR/USD,20090601 00:14:27.294,1.41052,1.41061
EUR/USD,20090601 00:14:33.764,1.41052,1.4106
EUR/USD,20090601 00:14:33.823,1.41052,1.4106
EUR/USD,20090601 00:14:34.014,1.41052,1.41058
EUR/USD,20090601 00:14:34.015,1.41052,1.41059
EUR/USD,20090601 00:14:34.041,1.41037,1.41059
EUR/USD,20090601 00:14:34.075,1.41037,1.41054
EUR/USD,20090601 00:14:34.314,1.41037,1.41059
EUR/USD,20090601 00:14:34.462,1.41037,1.41055
EUR/USD,20090601 00:14:34.511,1.41037,1.41049
EUR/USD,20090601 00:14:34.512,1.41037,1.41048
EUR/USD,20090601 00:14:34.521,1.41034,1.41048
EUR/USD,20090601 00:14:43.012,1.41032,1.41043
EUR/USD,20090601 00:14:43.013,1.41032,1.41044
EUR/USD,20090601 00:14:43.029,1.41027,1.41044
EUR/USD,20090601 00:14:45.013,1.41034,1.41038
EUR/USD,20090601 00:14:45.015,1.41032,1.41039
EUR/USD,20090601 00:14:47.011,1.41039,1.41043
EUR/USD,20090601 00:14:47.013,1.41037,1.41049
EUR/USD,20090601 00:14:49.269,1.41042,1.41049
EUR/USD,20090601 00:14:55.031,1.41037,1.41049
EUR/USD,20090601 00:14:55.478,1.41037,1.41044
EUR/USD,20090601 00:14:55.524,1.41034,1.41044
EUR/USD,20090601 00:14:56.014,1.41038,1.41043
EUR/USD,20090601 00:14:56.258,1.41038,1.41047
EUR/USD,20090601 00:14:56.267,1.41042,1.41047
EUR/USD,20090601 00:15:00.511,1.41042,1.41048
EUR/USD,20090601 00:15:00.523,1.41047,1.41048
EUR/USD,20090601 00:15:00.763,1.41047,1.41051
EUR/USD,20090601 00:15:00.764,1.41047,1.41053
EUR/USD,20090601 00:15:00.776,1.41052,1.41053
EUR/USD,20090601 00:15:01.262,1.41052,1.41058
EUR/USD,20090601 00:15:01.263,1.41052,1.41056
EUR/USD,20090601 00:15:01.274,1.41047,1.41056
EUR/USD,20090601 00:15:01.458,1.41047,1.41053
EUR/USD,20090601 00:15:01.761,1.41047,1.41051
EUR/USD,20090601 00:15:01.779,1.41042,1.41051
EUR/USD,20090601 00:15:02.014,1.41042,1.41048
EUR/USD,20090601 00:15:03.494,1.41046,1.41048
EUR/USD,20090601 00:15:03.508,1.41047,1.41051
EUR/USD,20090601 00:15:03.509,1.41046,1.41058
EUR/USD,20090601 00:15:03.525,1.41052,1.41058
EUR/USD,20090601 00:15:04.271,1.41047,1.41058
EUR/USD,20090601 00:15:04.515,1.41047,1.41051
EUR/USD,20090601 00:15:04.537,1.41042,1.41051
EUR/USD,20090601 00:15:04.771,1.41037,1.41051
EUR/USD,20090601 00:15:08.470,1.41037,1.41045
EUR/USD,20090601 00:15:08.520,1.41034,1.41041
EUR/USD,20090601 00:15:08.771,1.41034,1.41043
EUR/USD,20090601 00:15:08.797,1.41042,1.41043
EUR/USD,20090601 00:15:09.013,1.41042,1.41044
EUR/USD,20090601 00:15:09.014,1.41042,1.41048
EUR/USD,20090601 00:15:09.270,1.41037,1.41048
EUR/USD,20090601 00:15:09.793,1.41034,1.41048
EUR/USD,20090601 00:15:10.512,1.41037,1.41043
EUR/USD,20090601 00:15:10.544,1.41042,1.41043
EUR/USD,20090601 00:15:10.763,1.41042,1.41046
EUR/USD,20090601 00:15:11.260,1.41042,1.41048
EUR/USD,20090601 00:15:11.413,1.41042,1.41046
EUR/USD,20090601 00:15:11.514,1.41046,1.41051
EUR/USD,20090601 00:15:11.536,1.41052,1.41053
EUR/USD,20090601 00:15:11.572,1.41052,1.4106
EUR/USD,20090601 00:15:11.762,1.41052,1.41056
EUR/USD,20090601 00:15:11.763,1.41052,1.41058
EUR/USD,20090601 00:15:13.761,1.41041,1.41051
EUR/USD,20090601 00:15:13.776,1.41042,1.41051
EUR/USD,20090601 00:15:15.511,1.41043,1.41049
EUR/USD,20090601 00:15:15.512,1.41042,1.4105
EUR/USD,20090601 00:15:15.536,1.41047,1.4105
EUR/USD,20090601 00:15:19.258,1.41047,1.41052
EUR/USD,20090601 00:15:19.270,1.41043,1.41052
EUR/USD,20090601 00:15:27.757,1.41042,1.41052
EUR/USD,20090601 00:15:27.758,1.41042,1.4105
EUR/USD,20090601 00:15:36.477,1.41045,1.4105
EUR/USD,20090601 00:15:36.509,1.41047,1.4105
EUR/USD,20090601 00:15:36.510,1.41046,1.41051
EUR/USD,20090601 00:15:36.529,1.41052,1.4106
EUR/USD,20090601 00:15:37.019,1.41052,1.41056
EUR/USD,20090601 00:15:37.020,1.41052,1.41058
EUR/USD,20090601 00:15:37.757,1.41052,1.41059
EUR/USD,20090601 00:15:37.758,1.41052,1.4106
EUR/USD,20090601 00:15:37.935,1.41052,1.41058
EUR/USD,20090601 00:15:39.258,1.41052,1.41056
EUR/USD,20090601 00:15:39.260,1.41052,1.41058
EUR/USD,20090601 00:15:39.265,1.41057,1.41058
EUR/USD,20090601 00:15:39.765,1.41057,1.41063
EUR/USD,20090601 00:15:39.778,1.41052,1.41063
EUR/USD,20090601 00:15:46.257,1.41052,1.41058
EUR/USD,20090601 00:15:46.258,1.41052,1.41053
EUR/USD,20090601 00:15:46.273,1.41047,1.41053
EUR/USD,20090601 00:16:00.024,1.41047,1.41051
EUR/USD,20090601 00:16:00.029,1.41047,1.41053
EUR/USD,20090601 00:16:00.039,1.41042,1.41053
EUR/USD,20090601 00:16:00.040,1.41042,1.41051
EUR/USD,20090601 00:16:00.260,1.41042,1.41047
EUR/USD,20090601 00:16:00.685,1.41042,1.41049
EUR/USD,20090601 00:16:00.686,1.41042,1.41053
EUR/USD,20090601 00:16:01.025,1.41042,1.41047
EUR/USD,20090601 00:16:04.258,1.41042,1.41051
EUR/USD,20090601 00:16:04.260,1.41042,1.41053
EUR/USD,20090601 00:16:04.270,1.41042,1.41051
EUR/USD,20090601 00:16:04.511,1.41042,1.41048
EUR/USD,20090601 00:16:04.525,1.41047,1.41048
EUR/USD,20090601 00:16:25.758,1.41047,1.41053
EUR/USD,20090601 00:16:25.767,1.41052,1.41053
EUR/USD,20090601 00:16:35.269,1.41047,1.41053
EUR/USD,20090601 00:16:37.758,1.41047,1.41056
EUR/USD,20090601 00:16:37.765,1.41052,1.41056
EUR/USD,20090601 00:16:39.013,1.41052,1.41058
EUR/USD,20090601 00:16:39.014,1.41052,1.41061
EUR/USD,20090601 00:16:40.757,1.41052,1.41059
EUR/USD,20090601 00:16:40.758,1.41052,1.41057
EUR/USD,20090601 00:16:40.759,1.41052,1.41058
EUR/USD,20090601 00:16:53.518,1.41047,1.41058
EUR/USD,20090601 00:17:04.969,1.41047,1.41056
EUR/USD,20090601 00:17:05.012,1.41047,1.41051
EUR/USD,20090601 00:17:05.022,1.41043,1.41051
EUR/USD,20090601 00:17:05.260,1.41043,1.41049
EUR/USD,20090601 00:17:05.274,1.41047,1.41049
EUR/USD,20090601 00:17:05.523,1.41042,1.41049
EUR/USD,20090601 00:17:07.510,1.41044,1.41049
EUR/USD,20090601 00:17:07.511,1.41042,1.41051
EUR/USD,20090601 00:17:08.013,1.41042,1.41051
EUR/USD,20090601 00:17:13.758,1.41042,1.41049
EUR/USD,20090601 00:17:14.260,1.41042,1.41051
EUR/USD,20090601 00:17:14.292,1.41042,1.41051
EUR/USD,20090601 00:17:14.339,1.41042,1.4105
EUR/USD,20090601 00:17:17.016,1.41042,1.41049
EUR/USD,20090601 00:17:17.262,1.41042,1.41051
EUR/USD,20090601 00:17:17.271,1.41036,1.41041
EUR/USD,20090601 00:17:17.312,1.41032,1.41041
EUR/USD,20090601 00:17:19.459,1.41032,1.4104
EUR/USD,20090601 00:17:19.482,1.41032,1.41039
EUR/USD,20090601 00:17:19.773,1.41032,1.41038
EUR/USD,20090601 00:17:19.774,1.41032,1.41039
EUR/USD,20090601 00:17:19.790,1.41027,1.41039
EUR/USD,20090601 00:17:20.018,1.41027,1.41031
EUR/USD,20090601 00:17:20.041,1.41022,1.41031
EUR/USD,20090601 00:17:20.263,1.4103,1.41031
EUR/USD,20090601 00:17:20.264,1.41022,1.41031
EUR/USD,20090601 00:17:20.279,1.41022,1.41036
EUR/USD,20090601 00:17:20.337,1.41029,1.41041
EUR/USD,20090601 00:17:20.450,1.41027,1.41039
EUR/USD,20090601 00:17:20.501,1.41028,1.41041
EUR/USD,20090601 00:17:20.774,1.41034,1.41041
EUR/USD,20090601 00:17:22.260,1.4103,1.41041
EUR/USD,20090601 00:17:22.273,1.4103,1.41043
EUR/USD,20090601 00:17:22.321,1.41029,1.41043
EUR/USD,20090601 00:17:22.760,1.41036,1.41039
EUR/USD,20090601 00:17:22.774,1.41037,1.41039
EUR/USD,20090601 00:17:24.015,1.41038,1.41048
EUR/USD,20090601 00:17:24.016,1.41039,1.41048
EUR/USD,20090601 00:17:24.028,1.41042,1.41048
EUR/USD,20090601 00:17:36.758,1.41042,1.41052
EUR/USD,20090601 00:17:37.759,1.41044,1.41051
EUR/USD,20090601 00:17:37.760,1.41042,1.41052
EUR/USD,20090601 00:17:50.760,1.41044,1.41053
EUR/USD,20090601 00:17:50.771,1.41044,1.41051
EUR/USD,20090601 00:17:51.509,1.41042,1.41051
EUR/USD,20090601 00:17:51.517,1.41042,1.41053
EUR/USD,20090601 00:17:55.467,1.41042,1.41051
EUR/USD,20090601 00:17:57.062,1.41042,1.41052
EUR/USD,20090601 00:17:57.312,1.41042,1.4105
EUR/USD,20090601 00:18:01.258,1.41042,1.41048
EUR/USD,20090601 00:18:01.259,1.41042,1.41044
EUR/USD,20090601 00:18:01.274,1.41032,1.41044
EUR/USD,20090601 00:18:05.014,1.41032,1.41043
EUR/USD,20090601 00:18:06.472,1.41018,1.41029
EUR/USD,20090601 00:18:06.763,1.41032,1.41042
EUR/USD,20090601 00:18:06.764,1.41034,1.41041
EUR/USD,20090601 00:18:06.959,1.41018,1.41029
EUR/USD,20090601 00:18:06.961,1.41019,1.41041
EUR/USD,20090601 00:18:07.044,1.4102,1.41041
EUR/USD,20090601 00:18:08.445,1.41021,1.41041
EUR/USD,20090601 00:18:08.508,1.41036,1.41043
EUR/USD,20090601 00:18:08.512,1.41035,1.41044
EUR/USD,20090601 00:18:08.518,1.41037,1.41044
EUR/USD,20090601 00:18:09.013,1.41039,1.41045
EUR/USD,20090601 00:18:11.013,1.41037,1.41048
EUR/USD,20090601 00:18:11.257,1.41037,1.41045
EUR/USD,20090601 00:18:11.273,1.41036,1.41041
EUR/USD,20090601 00:18:11.526,1.41037,1.41045
EUR/USD,20090601 00:18:11.562,1.41037,1.41045
EUR/USD,20090601 00:18:11.760,1.41037,1.41046
EUR/USD,20090601 00:18:11.761,1.41037,1.41043
EUR/USD,20090601 00:18:11.791,1.41032,1.41041
EUR/USD,20090601 00:18:12.014,1.41036,1.41041
EUR/USD,20090601 00:18:12.026,1.41036,1.41045
EUR/USD,20090601 00:18:12.035,1.41037,1.41045
EUR/USD,20090601 00:18:12.276,1.41037,1.41043
EUR/USD,20090601 00:18:12.277,1.41037,1.41047
EUR/USD,20090601 00:18:12.758,1.41037,1.41045
EUR/USD,20090601 00:18:12.760,1.41034,1.41045
EUR/USD,20090601 00:18:13.012,1.41032,1.41047
EUR/USD,20090601 00:18:15.012,1.41032,1.41043
EUR/USD,20090601 00:18:15.013,1.41032,1.41044
EUR/USD,20090601 00:18:15.017,1.41027,1.41044
EUR/USD,20090601 00:18:15.089,1.41027,1.41043
EUR/USD,20090601 00:18:15.440,1.41027,1.41044
EUR/USD,20090601 00:18:16.994,1.41027,1.41043
EUR/USD,20090601 00:18:19.564,1.41027,1.4104
EUR/USD,20090601 00:18:23.455,1.41027,1.41041
EUR/USD,20090601 00:18:24.509,1.41031,1.41039
EUR/USD,20090601 00:18:24.516,1.41032,1.41039
EUR/USD,20090601 00:18:26.945,1.41032,1.41038
EUR/USD,20090601 00:18:27.286,1.41032,1.4104
EUR/USD,20090601 00:18:27.439,1.41032,1.41039
EUR/USD,20090601 00:18:27.757,1.41032,1.41037
EUR/USD,20090601 00:18:27.758,1.41032,1.41032
EUR/USD,20090601 00:18:27.766,1.41023,1.41031
EUR/USD,20090601 00:18:27.963,1.41025,1.41031
EUR/USD,20090601 00:18:28.015,1.41029,1.41031
EUR/USD,20090601 00:18:28.040,1.4103,1.41032
EUR/USD,20090601 00:18:28.263,1.41031,1.41038
EUR/USD,20090601 00:18:28.264,1.41034,1.41036
EUR/USD,20090601 00:18:28.527,1.41033,1.41041
EUR/USD,20090601 00:18:29.941,1.41033,1.4104
EUR/USD,20090601 00:18:32.051,1.41033,1.41041
EUR/USD,20090601 00:18:36.469,1.41033,1.4104
EUR/USD,20090601 00:18:36.509,1.41032,1.4104
EUR/USD,20090601 00:18:36.520,1.41027,1.4104
EUR/USD,20090601 00:18:39.348,1.41027,1.41039
EUR/USD,20090601 00:18:40.970,1.41027,1.41033
EUR/USD,20090601 00:18:41.043,1.41023,1.41031
EUR/USD,20090601 00:18:41.259,1.41033,1.41033
EUR/USD,20090601 00:18:41.304,1.41033,1.4104
EUR/USD,20090601 00:18:44.316,1.41033,1.41041
EUR/USD,20090601 00:18:44.941,1.41033,1.41041
EUR/USD,20090601 00:18:49.760,1.41032,1.41041
EUR/USD,20090601 00:18:49.774,1.41028,1.41041
EUR/USD,20090601 00:18:49.815,1.41027,1.41039
EUR/USD,20090601 00:18:49.944,1.41027,1.4104
EUR/USD,20090601 00:18:50.016,1.41033,1.41037
EUR/USD,20090601 00:18:50.017,1.41031,1.41038
EUR/USD,20090601 00:18:50.018,1.41031,1.4104
EUR/USD,20090601 00:18:50.029,1.41032,1.4104
EUR/USD,20090601 00:18:50.263,1.41032,1.41037
EUR/USD,20090601 00:18:50.280,1.41028,1.41037
EUR/USD,20090601 00:19:19.757,1.41033,1.41037
EUR/USD,20090601 00:19:19.758,1.41031,1.41041
EUR/USD,20090601 00:19:19.765,1.41032,1.41041
EUR/USD,20090601 00:19:20.080,1.41032,1.4104
EUR/USD,20090601 00:19:22.305,1.41032,1.41041
EUR/USD,20090601 00:19:22.554,1.41032,1.41042
EUR/USD,20090601 00:19:25.945,1.41032,1.4104
EUR/USD,20090601 00:19:29.800,1.41032,1.41039
EUR/USD,20090601 00:19:30.434,1.41032,1.4104
EUR/USD,20090601 00:19:30.471,1.41032,1.41042
EUR/USD,20090601 00:19:31.304,1.41032,1.41039
EUR/USD,20090601 00:19:31.557,1.41032,1.4104
EUR/USD,20090601 00:19:31.953,1.41032,1.41042
EUR/USD,20090601 00:19:32.574,1.41032,1.4104
EUR/USD,20090601 00:19:34.763,1.41033,1.41037
EUR/USD,20090601 00:19:34.764,1.41032,1.4104
EUR/USD,20090601 00:19:34.816,1.41032,1.41041
EUR/USD,20090601 00:19:37.964,1.41033,1.41041
EUR/USD,20090601 00:19:38.308,1.41032,1.41041
EUR/USD,20090601 00:19:46.261,1.41041,1.41041
EUR/USD,20090601 00:19:46.264,1.41039,1.41041
EUR/USD,20090601 00:19:46.284,1.41041,1.41043
EUR/USD,20090601 00:19:49.261,1.41041,1.4105
EUR/USD,20090601 00:19:49.457,1.41041,1.41049
EUR/USD,20090601 00:19:52.870,1.41041,1.41048
EUR/USD,20090601 00:19:55.799,1.41041,1.41049
EUR/USD,20090601 00:19:57.433,1.41041,1.41048
EUR/USD,20090601 00:19:57.528,1.41035,1.41048
EUR/USD,20090601 00:19:57.550,1.41035,1.41048
EUR/USD,20090601 00:19:57.763,1.41035,1.41044
EUR/USD,20090601 00:19:57.773,1.41035,1.4104
EUR/USD,20090601 00:19:58.014,1.41031,1.4104
EUR/USD,20090601 00:19:58.526,1.41033,1.4104
EUR/USD,20090601 00:19:58.759,1.41031,1.4104
EUR/USD,20090601 00:19:58.763,1.41031,1.4104
EUR/USD,20090601 00:19:58.774,1.41031,1.41039
EUR/USD,20090601 00:19:58.792,1.41028,1.41039
EUR/USD,20090601 00:19:59.260,1.41023,1.41037
EUR/USD,20090601 00:19:59.281,1.41023,1.4103
EUR/USD,20090601 00:19:59.289,1.41023,1.41029
EUR/USD,20090601 00:19:59.441,1.41023,1.41031
EUR/USD,20090601 00:20:01.762,1.41026,1.41031
EUR/USD,20090601 00:20:01.771,1.41026,1.41035
EUR/USD,20090601 00:20:01.781,1.41027,1.41035
EUR/USD,20090601 00:20:01.808,1.41027,1.41038
EUR/USD,20090601 00:20:02.960,1.41027,1.41036
EUR/USD,20090601 00:20:03.018,1.41027,1.41033
EUR/USD,20090601 00:20:03.031,1.41022,1.41031
EUR/USD,20090601 00:20:08.012,1.41028,1.41031
EUR/USD,20090601 00:20:08.027,1.41028,1.41032
EUR/USD,20090601 00:20:08.261,1.41033,1.41037
EUR/USD,20090601 00:20:08.263,1.41031,1.4104
EUR/USD,20090601 00:20:08.276,1.41032,1.4104
EUR/USD,20090601 00:20:08.319,1.41032,1.41043
EUR/USD,20090601 00:20:30.013,1.41032,1.41042
EUR/USD,20090601 00:20:30.014,1.41032,1.41043
EUR/USD,20090601 00:20:30.018,1.41027,1.41043
EUR/USD,20090601 00:20:30.058,1.41027,1.41039
EUR/USD,20090601 00:20:30.458,1.41027,1.41041
EUR/USD,20090601 00:20:37.260,1.41031,1.41038
EUR/USD,20090601 00:20:37.263,1.41033,1.41037
EUR/USD,20090601 00:20:37.515,1.41032,1.41041
EUR/USD,20090601 00:20:37.518,1.41032,1.41038
EUR/USD,20090601 00:20:37.770,1.41032,1.41037
EUR/USD,20090601 00:20:38.013,1.41032,1.41041
EUR/USD,20090601 00:20:38.014,1.41032,1.41037
EUR/USD,20090601 00:20:38.036,1.41028,1.41037
EUR/USD,20090601 00:20:42.258,1.4103,1.41038
EUR/USD,20090601 00:20:42.269,1.41032,1.41038
EUR/USD,20090601 00:20:42.509,1.41032,1.41039
EUR/USD,20090601 00:20:42.510,1.41032,1.41037
EUR/USD,20090601 00:20:42.513,1.41032,1.41039
EUR/USD,20090601 00:20:58.509,1.41033,1.41037
EUR/USD,20090601 00:20:58.510,1.41032,1.41038
EUR/USD,20090601 00:20:58.762,1.41032,1.4104
EUR/USD,20090601 00:20:58.770,1.41027,1.4104
EUR/USD,20090601 00:20:58.821,1.41027,1.41039
EUR/USD,20090601 00:20:59.015,1.41033,1.41037
EUR/USD,20090601 00:20:59.019,1.41031,1.41038
EUR/USD,20090601 00:20:59.026,1.41032,1.41038
EUR/USD,20090601 00:20:59.259,1.41032,1.41041
EUR/USD,20090601 00:20:59.260,1.41032,1.41038
EUR/USD,20090601 00:20:59.263,1.41027,1.41038
EUR/USD,20090601 00:21:06.258,1.41033,1.41037
EUR/USD,20090601 00:21:06.509,1.41032,1.41041
EUR/USD,20090601 00:21:06.510,1.41032,1.41037
EUR/USD,20090601 00:21:11.259,1.41032,1.41038
EUR/USD,20090601 00:21:11.260,1.41033,1.41037
EUR/USD,20090601 00:21:11.510,1.41032,1.41041
EUR/USD,20090601 00:21:11.511,1.41032,1.41038
EUR/USD,20090601 00:21:11.757,1.41033,1.41037
EUR/USD,20090601 00:21:11.758,1.41032,1.41038
EUR/USD,20090601 00:21:12.013,1.41032,1.41041
EUR/USD,20090601 00:21:12.024,1.41028,1.41041
EUR/USD,20090601 00:21:12.059,1.41028,1.41039
EUR/USD,20090601 00:21:12.790,1.41028,1.4104
EUR/USD,20090601 00:21:19.258,1.41031,1.41038
EUR/USD,20090601 00:21:19.260,1.41033,1.41037
EUR/USD,20090601 00:21:19.513,1.41032,1.41041
EUR/USD,20090601 00:21:19.524,1.41028,1.41039
EUR/USD,20090601 00:21:19.761,1.41031,1.41038
EUR/USD,20090601 00:21:19.762,1.41033,1.41037
EUR/USD,20090601 00:21:20.016,1.41028,1.4104
EUR/USD,20090601 00:21:20.029,1.41028,1.41039
EUR/USD,20090601 00:21:20.055,1.41028,1.41039
EUR/USD,20090601 00:21:25.262,1.41033,1.41037
EUR/USD,20090601 00:21:25.263,1.41031,1.41038
EUR/USD,20090601 00:21:25.511,1.41031,1.4104
EUR/USD,20090601 00:21:25.517,1.41029,1.4104
EUR/USD,20090601 00:21:25.526,1.41029,1.41039
EUR/USD,20090601 00:21:25.562,1.41028,1.41039
EUR/USD,20090601 00:21:25.759,1.41033,1.41037
EUR/USD,20090601 00:21:26.012,1.41031,1.4104
EUR/USD,20090601 00:21:26.029,1.41029,1.41039
EUR/USD,20090601 00:21:26.054,1.41028,1.41039
EUR/USD,20090601 00:21:30.271,1.41033,1.41037
EUR/USD,20090601 00:21:30.272,1.41033,1.41039
EUR/USD,20090601 00:21:30.287,1.41033,1.4104
EUR/USD,20090601 00:21:30.510,1.41031,1.4104
EUR/USD,20090601 00:21:30.511,1.41031,1.41037
EUR/USD,20090601 00:21:30.515,1.41028,1.41037
EUR/USD,20090601 00:21:30.757,1.41031,1.41038
EUR/USD,20090601 00:21:31.013,1.41031,1.4104
EUR/USD,20090601 00:21:31.019,1.41026,1.41039
EUR/USD,20090601 00:21:31.022,1.41028,1.41039
EUR/USD,20090601 00:21:31.023,1.41028,1.41037
EUR/USD,20090601 00:21:36.259,1.41033,1.41037
EUR/USD,20090601 00:21:36.260,1.41031,1.41041
EUR/USD,20090601 00:21:36.270,1.41032,1.41041
EUR/USD,20090601 00:21:36.289,1.41032,1.41041
EUR/USD,20090601 00:21:36.512,1.41032,1.41037
EUR/USD,20090601 00:21:36.757,1.41032,1.41038
EUR/USD,20090601 00:21:37.013,1.41032,1.41042
EUR/USD,20090601 00:21:37.022,1.41028,1.41042
EUR/USD,20090601 00:21:37.051,1.41028,1.41041
EUR/USD,20090601 00:21:41.258,1.41033,1.41037
EUR/USD,20090601 00:21:41.509,1.41032,1.41042
EUR/USD,20090601 00:21:41.510,1.41032,1.41042
EUR/USD,20090601 00:21:41.519,1.41028,1.41042
EUR/USD,20090601 00:21:41.590,1.41027,1.41041
EUR/USD,20090601 00:21:41.759,1.41033,1.41037
EUR/USD,20090601 00:21:42.012,1.41032,1.41041
EUR/USD,20090601 00:21:42.024,1.41032,1.41041
EUR/USD,20090601 00:21:42.025,1.41028,1.41041
EUR/USD,20090601 00:21:47.258,1.41031,1.41038
EUR/USD,20090601 00:21:47.259,1.41033,1.41037
EUR/USD,20090601 00:21:47.509,1.41032,1.41041
EUR/USD,20090601 00:21:47.518,1.41029,1.41042
EUR/USD,20090601 00:21:47.543,1.41028,1.41042
EUR/USD,20090601 00:21:47.758,1.41033,1.41037
EUR/USD,20090601 00:21:48.012,1.41032,1.41041
EUR/USD,20090601 00:21:48.018,1.41032,1.41042
EUR/USD,20090601 00:21:48.023,1.41029,1.41042
EUR/USD,20090601 00:21:48.044,1.41028,1.41042
EUR/USD,20090601 00:21:52.259,1.41033,1.41037
EUR/USD,20090601 00:21:52.260,1.41031,1.41038
EUR/USD,20090601 00:21:52.263,1.41032,1.41038
EUR/USD,20090601 00:21:52.511,1.41032,1.41041
EUR/USD,20090601 00:21:52.512,1.41032,1.41038
EUR/USD,20090601 00:21:52.521,1.41029,1.41038
EUR/USD,20090601 00:21:52.566,1.41027,1.41038
EUR/USD,20090601 00:21:52.757,1.41033,1.41037
EUR/USD,20090601 00:21:52.758,1.41033,1.41042
EUR/USD,20090601 00:21:52.759,1.41031,1.41042
EUR/USD,20090601 00:21:52.768,1.41032,1.41041
EUR/USD,20090601 00:21:53.033,1.41032,1.41042
EUR/USD,20090601 00:21:53.068,1.41032,1.41041
EUR/USD,20090601 00:21:56.960,1.41032,1.41042
EUR/USD,20090601 00:21:57.012,1.41032,1.41038
EUR/USD,20090601 00:21:58.012,1.41036,1.41041
EUR/USD,20090601 00:21:58.013,1.41034,1.41041
EUR/USD,20090601 00:21:58.024,1.41034,1.41043
EUR/USD,20090601 00:21:58.025,1.41037,1.41043
EUR/USD,20090601 00:21:58.260,1.41037,1.41045
EUR/USD,20090601 00:21:58.271,1.41042,1.41045
EUR/USD,20090601 00:21:58.760,1.41042,1.41049
EUR/USD,20090601 00:21:58.994,1.41047,1.41049
EUR/USD,20090601 00:21:59.014,1.41047,1.41051
EUR/USD,20090601 00:21:59.017,1.41047,1.41049
EUR/USD,20090601 00:21:59.031,1.41052,1.41063
EUR/USD,20090601 00:21:59.131,1.41052,1.41064
EUR/USD,20090601 00:21:59.264,1.41052,1.41056
EUR/USD,20090601 00:21:59.304,1.41048,1.41056
EUR/USD,20090601 00:21:59.346,1.41047,1.41056
EUR/USD,20090601 00:22:00.512,1.41047,1.41053
EUR/USD,20090601 00:22:00.774,1.41044,1.41053
EUR/USD,20090601 00:22:01.760,1.41042,1.41054
EUR/USD,20090601 00:22:01.770,1.41037,1.41054
EUR/USD,20090601 00:22:02.263,1.4104,1.41047
EUR/USD,20090601 00:22:10.509,1.41037,1.41051
EUR/USD,20090601 00:22:10.515,1.41038,1.41047
EUR/USD,20090601 00:22:15.258,1.41037,1.41047
EUR/USD,20090601 00:22:15.259,1.41037,1.41049
EUR/USD,20090601 00:22:15.760,1.41037,1.41045
EUR/USD,20090601 00:22:15.761,1.41037,1.41041
EUR/USD,20090601 00:22:15.771,1.41033,1.41041
EUR/USD,20090601 00:22:15.822,1.41032,1.41041
EUR/USD,20090601 00:22:16.017,1.41032,1.41043
EUR/USD,20090601 00:22:16.038,1.41027,1.41043
EUR/USD,20090601 00:22:16.512,1.41032,1.41039
EUR/USD,20090601 00:22:16.513,1.41033,1.41037
EUR/USD,20090601 00:22:16.760,1.41033,1.41042
EUR/USD,20090601 00:22:16.773,1.41042,1.41042
EUR/USD,20090601 00:22:17.014,1.41042,1.41044
EUR/USD,20090601 00:22:17.262,1.41042,1.41042
EUR/USD,20090601 00:22:17.760,1.41042,1.41046
EUR/USD,20090601 00:22:17.773,1.41038,1.41046
EUR/USD,20090601 00:22:17.830,1.41037,1.41046
EUR/USD,20090601 00:22:18.435,1.41034,1.41046
EUR/USD,20090601 00:22:18.436,1.41034,1.41043
EUR/USD,20090601 00:22:31.014,1.41039,1.41043
EUR/USD,20090601 00:22:39.510,1.41042,1.41049
EUR/USD,20090601 00:22:39.760,1.41049,1.41051
EUR/USD,20090601 00:22:39.774,1.41052,1.41053
EUR/USD,20090601 00:22:39.807,1.41052,1.41053
EUR/USD,20090601 00:22:40.044,1.41057,1.41065
EUR/USD,20090601 00:22:40.188,1.41057,1.41068
EUR/USD,20090601 00:22:40.265,1.41057,1.41058
EUR/USD,20090601 00:22:40.266,1.41057,1.41061
EUR/USD,20090601 00:22:40.269,1.41052,1.41061
EUR/USD,20090601 00:22:41.016,1.41052,1.41062
EUR/USD,20090601 00:22:46.757,1.41052,1.4106
EUR/USD,20090601 00:22:46.758,1.41053,1.41059
EUR/USD,20090601 00:22:46.767,1.41057,1.41059
EUR/USD,20090601 00:22:47.258,1.41057,1.41063
EUR/USD,20090601 00:22:47.259,1.41057,1.41061
EUR/USD,20090601 00:22:47.274,1.41052,1.41061
EUR/USD,20090601 00:22:49.757,1.41052,1.41059
EUR/USD,20090601 00:22:50.759,1.41052,1.41057
EUR/USD,20090601 00:22:50.764,1.41057,1.41057
EUR/USD,20090601 00:23:02.015,1.41057,1.41061
EUR/USD,20090601 00:23:02.034,1.41062,1.41067
EUR/USD,20090601 00:23:02.060,1.41062,1.41073
EUR/USD,20090601 00:23:02.454,1.41062,1.41071
EUR/USD,20090601 00:23:04.759,1.41063,1.41066
EUR/USD,20090601 00:23:04.770,1.41067,1.41071
EUR/USD,20090601 00:23:04.807,1.41067,1.41075
EUR/USD,20090601 00:23:04.954,1.41067,1.41076
EUR/USD,20090601 00:23:05.262,1.41067,1.41074
EUR/USD,20090601 00:23:05.514,1.41067,1.41077
EUR/USD,20090601 00:23:05.515,1.41067,1.41078
EUR/USD,20090601 00:23:05.534,1.41062,1.41078
EUR/USD,20090601 00:23:05.594,1.41062,1.41075
EUR/USD,20090601 00:23:05.990,1.41062,1.41073
EUR/USD,20090601 00:23:09.510,1.41062,1.41069
EUR/USD,20090601 00:23:09.516,1.41057,1.41069
EUR/USD,20090601 00:23:09.546,1.41057,1.41068
EUR/USD,20090601 00:23:10.454,1.41057,1.41067
EUR/USD,20090601 00:23:22.657,1.41051,1.41067
EUR/USD,20090601 00:23:24.258,1.41051,1.41061
EUR/USD,20090601 00:23:24.268,1.41051,1.4106
EUR/USD,20090601 00:23:24.512,1.41051,1.41056
EUR/USD,20090601 00:23:24.522,1.41047,1.41056
EUR/USD,20090601 00:23:24.763,1.41043,1.41058
EUR/USD,20090601 00:23:25.016,1.41044,1.41056
EUR/USD,20090601 00:24:06.758,1.41044,1.41053
EUR/USD,20090601 00:24:06.768,1.41044,1.4105
EUR/USD,20090601 00:24:07.028,1.41044,1.41052
EUR/USD,20090601 00:24:07.069,1.41044,1.41053
EUR/USD,20090601 00:24:09.520,1.41044,1.4105
EUR/USD,20090601 00:24:10.509,1.41041,1.4105
EUR/USD,20090601 00:24:10.772,1.41041,1.4105
EUR/USD,20090601 00:24:11.014,1.41037,1.4105
EUR/USD,20090601 00:24:11.260,1.41034,1.4105
EUR/USD,20090601 00:24:11.264,1.41034,1.4104
EUR/USD,20090601 00:24:11.530,1.41034,1.41043
EUR/USD,20090601 00:24:11.763,1.41034,1.4104
EUR/USD,20090601 00:24:14.263,1.41034,1.41043
EUR/USD,20090601 00:24:14.266,1.41034,1.41044
EUR/USD,20090601 00:24:17.015,1.41032,1.41046
EUR/USD,20090601 00:24:17.036,1.41032,1.4104
EUR/USD,20090601 00:24:17.259,1.41034,1.4104
EUR/USD,20090601 00:24:17.267,1.41034,1.41043
EUR/USD,20090601 00:24:17.516,1.41035,1.41044
EUR/USD,20090601 00:24:17.765,1.41036,1.41043
EUR/USD,20090601 00:24:24.012,1.41032,1.41047
EUR/USD,20090601 00:24:24.023,1.41032,1.41039
EUR/USD,20090601 00:24:24.026,1.41032,1.4104
EUR/USD,20090601 00:24:24.261,1.41027,1.4104
EUR/USD,20090601 00:24:24.272,1.41027,1.41039
EUR/USD,20090601 00:24:24.511,1.41032,1.41039
EUR/USD,20090601 00:24:24.512,1.41034,1.41038
EUR/USD,20090601 00:24:26.262,1.4103,1.41039
EUR/USD,20090601 00:24:26.263,1.41032,1.41039
EUR/USD,20090601 00:24:32.015,1.41029,1.41039
EUR/USD,20090601 00:24:32.016,1.41027,1.41039
EUR/USD,20090601 00:24:32.037,1.41027,1.4103
EUR/USD,20090601 00:24:32.039,1.41027,1.41029
EUR/USD,20090601 00:24:34.015,1.41022,1.41029
EUR/USD,20090601 00:24:34.033,1.41022,1.4103
EUR/USD,20090601 00:24:34.035,1.41022,1.41029
EUR/USD,20090601 00:24:43.264,1.41019,1.41029
EUR/USD,20090601 00:24:43.759,1.41022,1.41029
EUR/USD,20090601 00:24:43.767,1.41022,1.4103
EUR/USD,20090601 00:24:43.769,1.41022,1.41029
EUR/USD,20090601 00:24:51.763,1.41029,1.41029
EUR/USD,20090601 00:24:51.764,1.41027,1.41029
EUR/USD,20090601 00:24:51.772,1.41027,1.41034
EUR/USD,20090601 00:24:52.015,1.41024,1.41038
EUR/USD,20090601 00:24:52.016,1.41024,1.41033
EUR/USD,20090601 00:24:52.021,1.41022,1.41039
EUR/USD,20090601 00:24:52.064,1.41022,1.4103
EUR/USD,20090601 00:24:52.260,1.41029,1.4103
EUR/USD,20090601 00:24:52.263,1.41027,1.4103
EUR/USD,20090601 00:24:52.267,1.41027,1.41032
EUR/USD,20090601 00:24:52.329,1.41027,1.41034
EUR/USD,20090601 00:24:59.513,1.41024,1.41035
EUR/USD,20090601 00:24:59.514,1.41022,1.41035
EUR/USD,20090601 00:24:59.515,1.41022,1.41034
EUR/USD,20090601 00:24:59.525,1.41022,1.4103
EUR/USD,20090601 00:24:59.532,1.41022,1.41029
EUR/USD,20090601 00:24:59.760,1.41029,1.41029
EUR/USD,20090601 00:24:59.762,1.41027,1.41029
EUR/USD,20090601 00:24:59.768,1.41027,1.41034
EUR/USD,20090601 00:25:03.259,1.41024,1.41038
EUR/USD,20090601 00:25:03.269,1.41024,1.4103
EUR/USD,20090601 00:25:03.512,1.41012,1.4103
EUR/USD,20090601 00:25:03.513,1.41014,1.4103
EUR/USD,20090601 00:25:03.524,1.41014,1.41019
EUR/USD,20090601 00:25:05.259,1.41019,1.41019
EUR/USD,20090601 00:25:05.267,1.41019,1.41023
EUR/USD,20090601 00:25:06.014,1.41024,1.41028
EUR/USD,20090601 00:25:06.261,1.41027,1.41029
EUR/USD,20090601 00:25:06.262,1.41029,1.41029
EUR/USD,20090601 00:25:06.280,1.41029,1.41033
EUR/USD,20090601 00:25:06.309,1.41029,1.41033
EUR/USD,20090601 00:25:06.512,1.41022,1.41037
EUR/USD,20090601 00:25:06.513,1.41024,1.41033
EUR/USD,20090601 00:25:06.530,1.41024,1.41029
EUR/USD,20090601 00:25:29.258,1.41019,1.41029
EUR/USD,20090601 00:25:34.261,1.41019,1.4103
EUR/USD,20090601 00:25:34.261,1.41024,1.41028
EUR/USD,20090601 00:25:34.266,1.41022,1.41029
EUR/USD,20090601 00:25:34.512,1.4102,1.41029
EUR/USD,20090601 00:25:34.526,1.41019,1.41029
EUR/USD,20090601 00:25:34.561,1.41017,1.41029
EUR/USD,20090601 00:25:34.758,1.41022,1.41029
EUR/USD,20090601 00:25:34.764,1.41022,1.41029
EUR/USD,20090601 00:25:35.012,1.4102,1.41029
EUR/USD,20090601 00:25:35.021,1.41017,1.41029
EUR/USD,20090601 00:25:39.258,1.41024,1.41028
EUR/USD,20090601 00:25:39.512,1.4102,1.41029
EUR/USD,20090601 00:25:39.526,1.41019,1.41029
EUR/USD,20090601 00:25:39.555,1.41017,1.41029
EUR/USD,20090601 00:25:39.758,1.41024,1.41028
EUR/USD,20090601 00:25:39.759,1.41022,1.41029
EUR/USD,20090601 00:25:39.771,1.41022,1.4103
EUR/USD,20090601 00:25:39.782,1.41022,1.41029
EUR/USD,20090601 00:25:43.762,1.4103,1.41033
EUR/USD,20090601 00:25:43.763,1.41028,1.41033
EUR/USD,20090601 00:25:43.777,1.41031,1.41033
EUR/USD,20090601 00:25:43.838,1.41031,1.41034
EUR/USD,20090601 00:25:44.469,1.41032,1.41039
EUR/USD,20090601 00:25:45.259,1.41039,1.4104
EUR/USD,20090601 00:25:45.260,1.41037,1.4104
EUR/USD,20090601 00:25:45.270,1.41037,1.41042
EUR/USD,20090601 00:25:45.307,1.41037,1.41043
EUR/USD,20090601 00:25:45.514,1.41039,1.41048
EUR/USD,20090601 00:25:45.531,1.41041,1.41048
EUR/USD,20090601 00:25:46.017,1.41043,1.41048
EUR/USD,20090601 00:25:46.018,1.41043,1.41052
EUR/USD,20090601 00:25:46.020,1.41043,1.4105
EUR/USD,20090601 00:25:46.259,1.41041,1.4105
EUR/USD,20090601 00:25:46.263,1.41039,1.4105
EUR/USD,20090601 00:25:46.285,1.41037,1.4105
EUR/USD,20090601 00:25:47.258,1.41034,1.41048
EUR/USD,20090601 00:25:47.260,1.41032,1.41049
EUR/USD,20090601 00:25:47.270,1.41032,1.41039
EUR/USD,20090601 00:25:47.272,1.41032,1.4104
EUR/USD,20090601 00:25:47.513,1.41039,1.4104
EUR/USD,20090601 00:25:47.514,1.41037,1.4104
EUR/USD,20090601 00:25:47.549,1.41037,1.41039
EUR/USD,20090601 00:25:47.550,1.41037,1.4104
EUR/USD,20090601 00:26:07.758,1.41042,1.41048
EUR/USD,20090601 00:26:07.759,1.41041,1.41049
EUR/USD,20090601 00:26:07.769,1.4102,1.4104
EUR/USD,20090601 00:26:07.770,1.4102,1.41039
EUR/USD,20090601 00:26:07.772,1.41021,1.4104
EUR/USD,20090601 00:26:13.258,1.41039,1.4104
EUR/USD,20090601 00:26:13.265,1.41039,1.41039
EUR/USD,20090601 00:26:13.267,1.41039,1.4104
EUR/USD,20090601 00:26:17.014,1.41044,1.41048
EUR/USD,20090601 00:26:17.015,1.41042,1.41049
EUR/USD,20090601 00:26:17.028,1.4102,1.4104
EUR/USD,20090601 00:26:17.029,1.4102,1.41039
EUR/USD,20090601 00:26:17.509,1.41034,1.41039
EUR/USD,20090601 00:26:17.510,1.41032,1.41039
EUR/USD,20090601 00:26:17.522,1.41032,1.4104
EUR/USD,20090601 00:26:17.524,1.41032,1.41039
EUR/USD,20090601 00:26:26.012,1.41029,1.41039
EUR/USD,20090601 00:26:26.013,1.41027,1.41039
EUR/USD,20090601 00:26:26.261,1.41022,1.41039
EUR/USD,20090601 00:26:26.264,1.41024,1.41038
EUR/USD,20090601 00:26:26.277,1.41024,1.41029
EUR/USD,20090601 00:26:29.759,1.41029,1.41029
EUR/USD,20090601 00:26:29.766,1.41029,1.4103
EUR/USD,20090601 00:26:29.769,1.41029,1.41029
EUR/USD,20090601 00:26:39.262,1.41022,1.41029
EUR/USD,20090601 00:26:39.268,1.41022,1.4103
EUR/USD,20090601 00:26:39.510,1.41027,1.4103
EUR/USD,20090601 00:26:39.523,1.41027,1.41029
EUR/USD,20090601 00:26:39.548,1.41029,1.41029
EUR/USD,20090601 00:26:42.512,1.41017,1.41029
EUR/USD,20090601 00:26:42.515,1.41019,1.41029
EUR/USD,20090601 00:26:42.759,1.41024,1.41028
